name,stores
"""Galletas """,Farmacias Kielsa
12 Rollos,"Paiz, Walmart Honduras"
16 Rollos,"Paiz, Walmart Honduras"
18 Rollos,"Paiz, Walmart Honduras"
24 Rollos,"Paiz, Walmart Honduras"
3 Rollos,"Paiz, Walmart Honduras"
32 Rollos,"Paiz, Walmart Honduras"
3diasmasbaratos,Diunsa
4 Rollos,"Paiz, Walmart Honduras"
40 Rollos,"Paiz, Walmart Honduras"
"43"" a 52""",Diunsa
48 Horas de Ofertas,Diunsa
49Aniversario,Diunsa
5 ml,ACOSA
50 Aniversario,Diunsa
"52"" o más",Diunsa
6 Rollos,"Paiz, Walmart Honduras"
602,ACOSA
9 Rollos,"Paiz, Walmart Honduras"
Abarroteria,Larach y Cia
Abarrotes,"Farmacias Kielsa, ACOSA, Walmart Honduras, Paiz"
ABARROTES,Comisariato Los Andes
Abonos y Fertilizantes,Larach y Cia
Abrazaderas,Larach y Cia
Abrillantadores y Pastas,Larach y Cia
Acampar y Pesca,Larach y Cia
Accesorio para celular,ACOSA
Accesorio para Celular,Larach y Cia
Accesorio para proyector,ACOSA
Accesorio para Soldadura,Larach y Cia
Accesorio para Tabla Yeso,Larach y Cia
Accesorio y repuesto de impresora,"ACOSA, ACOSA"
Accesorios,"Larach y Cia, Larach y Cia, Larach y Cia, Jetstereo, Diunsa, ACOSA, ACOSA, Diunsa, Diunsa, Diunsa, PC Builds Honduras, Farmacias Kielsa, Farmacias Kielsa, Farmacias Kielsa, Farmacias Kielsa"
ACCESORIOS,"Comisariato Los Andes, Comisariato Los Andes, Comisariato Los Andes"
Accesorios Antena,Jetstereo
Accesorios Audio,Jetstereo
Accesorios Automotrices,Steren
Accesorios Bronce,Larach y Cia
Accesorios Cámaras y Drones,Jetstereo
Accesorios Cómputo,Jetstereo
Accesorios Conectores y Adaptadores Telefónicos,Steren
Accesorios cosméticos,"Paiz, Walmart Honduras"
Accesorios Cromados,Larach y Cia
Accesorios de arte,Útiles de Honduras
Accesorios De Arte,Útiles de Honduras
Accesorios de Audio,Walmart Honduras
Accesorios de belleza,ACOSA
Accesorios de Cocina,Jetstereo
Accesorios de Computación,Walmart Honduras
Accesorios de Escritura,Útiles de Honduras
Accesorios de fiesta,ACOSA
Accesorios de fútbol,Diunsa
Accesorios de impulso,ACOSA
Accesorios de lactancia,"Paiz, Walmart Honduras"
Accesorios de Limpieza | Electrodomésticos,Jetstereo
Accesorios de Limpieza para Línea Blanca,Jetstereo
Accesorios de Mamá,Farmacias Kielsa
Accesorios de Mesa,Walmart Honduras
Accesorios de oficina,PriceSmart Honduras
Accesorios de Tecnología,Útiles de Honduras
Accesorios de Telefonía,Steren
Accesorios de TV y Video para negocios,Steren
Accesorios decorativos,PriceSmart Honduras
Accesorios deportivos,"Paiz, Walmart Honduras"
Accesorios Electricos,Larach y Cia
Accesorios electrónicos,PriceSmart Honduras
Accesorios Empaque,Útiles de Honduras
Accesorios EMT,Larach y Cia
Accesorios Escolares,"Útiles de Honduras, Útiles de Honduras"
Accesorios Escritura,Útiles de Honduras
Accesorios faciales,"Paiz, Walmart Honduras"
Accesorios femeninos,ACOSA
Accesorios fitness,Walmart Honduras
Accesorios Fitness,Jetstereo
Accesorios Gaming,"Diunsa, Jetstereo"
Accesorios Gatos,"Paiz, Walmart Honduras"
Accesorios HDMI,Steren
Accesorios Hierro Galv,Larach y Cia
Accesorios Hierro Galvanizado,Larach y Cia
Accesorios Higiene,Farmacias Kielsa
Accesorios infantiles,Walmart Honduras
Accesorios Lavanderia,"Paiz, Walmart Honduras"
Accesorios mascotas,"Paiz, Walmart Honduras"
Accesorios optica,PriceSmart Honduras
Accesorios para Acampar,Larach y Cia
Accesorios para auto,"Paiz, Walmart Honduras"
Accesorios para Automovil,Larach y Cia
Accesorios para baño,"Paiz, Larach y Cia, Walmart Honduras"
Accesorios para Baño,"Larach y Cia, Larach y Cia"
Accesorios para baño de Bebes,"Paiz, Walmart Honduras"
Accesorios Para Bebes,Walmart Honduras
Accesorios para Bicicleta,Larach y Cia
Accesorios para bicicletas,Diunsa
Accesorios para Bombas y Tanques,Larach y Cia
Accesorios para Cable Coaxial,Larach y Cia
Accesorios para Cables,Jetstereo
Accesorios para celular,"Paiz, Walmart Honduras"
Accesorios para Celulares,Jetstereo
Accesorios para Ceramica,Larach y Cia
Accesorios para cocina,"Paiz, Walmart Honduras"
Accesorios para Cocina,Larach y Cia
Accesorios para Compresores,Larach y Cia
Accesorios para Computadora,Larach y Cia
Accesorios para computadoras,PriceSmart Honduras
Accesorios para decoración de patio,PriceSmart Honduras
Accesorios para ducha,"Paiz, Walmart Honduras"
Accesorios para el baño y la ducha,PriceSmart Honduras
Accesorios para el cabello,"Paiz, Walmart Honduras"
Accesorios para electricidad,Walmart Honduras
Accesorios para Empaque,Útiles de Honduras
Accesorios para Encuadernacion,Larach y Cia
Accesorios para Focos,Steren
Accesorios para Hombre,Walmart Honduras
Accesorios para iluminación,PriceSmart Honduras
Accesorios para Inodoro,Larach y Cia
Accesorios para Jardin,Larach y Cia
Accesorios para la cocina,PriceSmart Honduras
Accesorios para Laptop,Steren
Accesorios para Lavatrastos,"Larach y Cia, Larach y Cia"
Accesorios para limpieza,"Paiz, Walmart Honduras"
Accesorios para Mangueras,Larach y Cia
Accesorios para mascota,ACOSA
Accesorios para mesa,"Paiz, Walmart Honduras"
Accesorios para Muebles,Larach y Cia
Accesorios para Mujer,Walmart Honduras
Accesorios para Oficina,Larach y Cia
Accesorios para PC,Walmart Honduras
Accesorios para pintar,"Paiz, Walmart Honduras"
Accesorios para Pintar,Larach y Cia
Accesorios para piscina,"Paiz, Walmart Honduras"
Accesorios para proyectos,Steren
Accesorios para Soldadura a Gas,Larach y Cia
Accesorios para sujeción,Larach y Cia
Accesorios para Sujesion,Larach y Cia
Accesorios para tablet,ACOSA
Accesorios para Tablet,Steren
Accesorios para Tablets,Jetstereo
Accesorios para taladros y pulidoras,Larach y Cia
Accesorios para Taladros y Pulidoras,Larach y Cia
Accesorios para Tuberia de Cobre,Larach y Cia
Accesorios para Tuberias,Larach y Cia
Accesorios para TV,"Paiz, Walmart Honduras"
Accesorios para Vehículo,Jetstereo
Accesorios para vehículos,PriceSmart Honduras
Accesorios para Ventana,Larach y Cia
Accesorios para videojuegos,PriceSmart Honduras
Accesorios Poliducto,Larach y Cia
Accesorios Pvc y Cpvc,Larach y Cia
Accesorios Relojes,Jetstereo
Accesorios Tecnologia,Útiles de Honduras
Accesorios TV y Video,Jetstereo
Accesorios Usb,Larach y Cia
Accesorios USB,Steren
Accesorios y básicos,"Paiz, Walmart Honduras"
Accesorios y herramientas,ACOSA
Accesorios y Repuestos,Larach y Cia
Accesorios y sets de juego,"Paiz, Walmart Honduras"
Accesorios y Soportes,"Larach y Cia, Larach y Cia"
Accesrios para Inodoro,Larach y Cia
Aceite de Canola,"Paiz, Walmart Honduras"
Aceite de Maíz,"Paiz, Walmart Honduras"
Aceite de Oliva,"Paiz, Walmart Honduras"
Aceite de Semillas y Vegetal,"Walmart Honduras, Paiz"
Aceite Lubricantes y Grasas,Larach y Cia
Aceite para Antorcha,Larach y Cia
Aceite para Auto,"Paiz, Walmart Honduras"
Aceite Spray,"Walmart Honduras, Paiz"
"Aceite,Lubricantes y Grasas",Larach y Cia
Aceites de cocina,"Walmart Honduras, Paiz, PriceSmart Honduras"
ACEITES VINAGRES Y MANTECAS,Comisariato Los Andes
Aceites y Mantecas,ACOSA
"Aceites, harinas y condimentos",PriceSmart Honduras
"Aceites, lubricantes y limpiadores",PriceSmart Honduras
Aceitunas,"Paiz, Walmart Honduras"
ACEITUNAS,Comisariato Los Andes
Aceitunas enlatadas,PriceSmart Honduras
Acelga,"Paiz, Walmart Honduras"
Acné,Farmacias Kielsa
Acondicionador,"Paiz, Farmacias Kielsa, Walmart Honduras"
Adaptadores de Audio,Steren
Adaptadores de Celular,Jetstereo
Adaptadores de energía,PriceSmart Honduras
Adaptadores de red,ACOSA
Adaptadores de voltaje y fuentes de poder,Steren
Adaptadores para Audio y Video,Larach y Cia
Adaptadores para disco duro,Steren
Adaptadores para Red,Larach y Cia
Adaptadores y Adaptadores de Video (RF,Steren
Adaptadores y Convertidores de Video,Steren
Adaptadores y Convertidores de Video (RF RCA HDMI VGA),Steren
Aderezos para ensalada,PriceSmart Honduras
Aderezos y salsas de cocina,ACOSA
Aderezos y Vinagretas,"Paiz, Walmart Honduras"
Adhesivos,"Larach y Cia, Larach y Cia, Larach y Cia, Larach y Cia, Farmacias Kielsa"
Adhesivos y pegamentos,ACOSA
adidas Mundial,Diunsa
Aditivo para Concreto,Larach y Cia
Aditivos para Piscina,Larach y Cia
Adornos,"Larach y Cia, Larach y Cia"
Adornos Navidad,"Paiz, Walmart Honduras"
Adornos navideños,PriceSmart Honduras
Adornos para Jardin,Larach y Cia
Afeitado,"Paiz, Farmacias Kielsa, Walmart Honduras"
Afeitadoras,"Jetstereo, PriceSmart Honduras, Diunsa"
Agendas,ACOSA
Agendas escolares,ACOSA
Agendas Planificador,Útiles de Honduras
Agendas-Planificador,Útiles de Honduras
Agua,"Paiz, Farmacias Kielsa, PriceSmart Honduras, Walmart Honduras"
AGUA,Comisariato Los Andes
Agua Natural,"Paiz, Walmart Honduras"
Agua Saborizada,"Paiz, Walmart Honduras"
Aguacates,"Paiz, Walmart Honduras"
Aire Acondicionado,Jetstereo
Aire portátil,Diunsa
Aires acondicionados,Diunsa
Aires acondicionados y calefactores,PriceSmart Honduras
Aires Acondicionados y Ventiladores,Walmart Honduras
Aislantes,Steren
Aislantes Termicos,Larach y Cia
Ajos,"Paiz, Walmart Honduras"
Alambres y Mallas,Larach y Cia
Alámbricos In Ear,Jetstereo
Alámbricos On Ear,Jetstereo
Alámbricos Over Ear,Jetstereo
Alarmas y sensores,ACOSA
Alarmas y Sirenas,Steren
"Alas, piernas y muslos","Paiz, Walmart Honduras"
Album Mundial,Walmart Honduras
Albumes,Diunsa
Alcalinas,ACOSA
Alcohol y Antisépticos,"Paiz, Walmart Honduras"
Alergias y Sistema respiratorio,Walmart Honduras
Alfombras,PriceSmart Honduras
Alfombras de descanso,PriceSmart Honduras
Alfombras y revestimientos,Larach y Cia
Alfombras y Revestimientos,"Larach y Cia, Larach y Cia"
Alfombras y tapetes,Diunsa
Alfombritas para la entrada al hogar,PriceSmart Honduras
Algodón e Hisopos,"Paiz, Walmart Honduras"
Algodones,Farmacias Kielsa
Alimentación y lactancia,Diunsa
Alimento,Larach y Cia
Alimento Húmedo Gato,"Paiz, Walmart Honduras"
Alimento Húmedo Perro,"Paiz, Walmart Honduras"
Alimento para aves,"Paiz, Walmart Honduras"
Alimento para bebé,PriceSmart Honduras
Alimento para conejos,Walmart Honduras
Alimento Seco Gato,"Paiz, Walmart Honduras"
Alimento Seco Perro,"Paiz, Walmart Honduras"
Alimento tortugas,"Paiz, Walmart Honduras"
Alimento y golosinas para gatos,PriceSmart Honduras
Alimento y golosinas para perros,PriceSmart Honduras
Alimentos,PriceSmart Honduras
ALIMENTOS,"Comisariato Los Andes, Comisariato Los Andes, Comisariato Los Andes, Comisariato Los Andes, Comisariato Los Andes"
Alimentos Congelados,"Paiz, Walmart Honduras"
Alimentos Instantáneos,"Paiz, Walmart Honduras"
Alimentos para mascotas,ACOSA
Alivio del dolor,Meyko
Almacenamiento,"PC Builds Honduras, Jetstereo, ACOSA"
Almacenamiento de alimento para mascotas,PriceSmart Honduras
Almacenamiento de Datos,Larach y Cia
Almacenamiento de herramientas,PriceSmart Honduras
Almacenamiento para oficina,PriceSmart Honduras
Almacenamiento y archivo,ACOSA
Almohadas,PriceSmart Honduras
Almohadas y cojines,"Paiz, Meyko, Walmart Honduras"
Ambiente- Lluvias,Steren
Amd,ACOSA
AMD,"PC Builds Honduras, PC Builds Honduras"
Amplificadores,Jetstereo
Amplificadores de Audio,Steren
Amplificadores y altavoces,PriceSmart Honduras
Amplificadores y Selectores de Video,Steren
Anafres y Accesorios,Larach y Cia
Anclajes y Fijaciones,Larach y Cia
Android,"ACOSA, ACOSA"
Anemia,Farmacias Kielsa
Ángulos y Accesorios,PC Builds Honduras
Anillos Block,Larach y Cia
"Animación ",Diunsa
Animales de juguete,"Paiz, Walmart Honduras"
Antenas,"Larach y Cia, Jetstereo"
Antenas para TV,Steren
Antiacidos,Farmacias Kielsa
Antiácidos,"Paiz, Walmart Honduras"
Antiacné,"Paiz, Walmart Honduras"
Antibióticos,Farmacias Kielsa
Antibióticos y Antiinfecciosos,"Paiz, Walmart Honduras"
Anticonceptivos,Farmacias Kielsa
Antidiarreicos y Suero Oral,"Paiz, Walmart Honduras"
Antihongos,Farmacias Kielsa
Antiinfecciosos,"Paiz, Walmart Honduras"
Antioxidante,Farmacias Kielsa
Antioxidantes,Walmart Honduras
Antiparasitario,"Paiz, Walmart Honduras"
Antisépticos,Farmacias Kielsa
Antivirales,Farmacias Kielsa
Antivirus,Jetstereo
Antorchas,Larach y Cia
Apaga Fuego,Larach y Cia
Aperitivos congelados,PriceSmart Honduras
Apio,"Paiz, Walmart Honduras"
Aplicadores,Larach y Cia
Apósitos y gasas,Meyko
Apple,Diunsa
APPLE,Walmart Honduras
Aprendizaje,"Paiz, Walmart Honduras"
Apresto,PriceSmart Honduras
Arandelas y tuercas,"Larach y Cia, Larach y Cia"
Árboles Navidad,Walmart Honduras
Árboles navideños,PriceSmart Honduras
Architecture,Diunsa
Archivadores,"Útiles de Honduras, Útiles de Honduras"
Archivadores y carpetas,ACOSA
"Archivadores, Tableros, Sobres",Larach y Cia
Arena Gato,"Paiz, Walmart Honduras"
"Argollas, Ganchos y Percheros","Larach y Cia, Larach y Cia"
Aromatizante ambiental,"Paiz, Walmart Honduras"
Aromatizante de baño,"Paiz, Walmart Honduras"
Aromatizantes,"Paiz, Larach y Cia, Larach y Cia, Larach y Cia, Walmart Honduras, PriceSmart Honduras"
Aros de basquetball,PriceSmart Honduras
Arrancadores y cargadores de batería,PriceSmart Honduras
Arroceras,Jetstereo
Arroz,"Paiz, PriceSmart Honduras, Walmart Honduras"
"Arroz, Frijol y Semillas","Walmart Honduras, Paiz"
Artbooks,Okashi HN
Arte Dibujo,Útiles de Honduras
Arte y diseño,ACOSA
Arte y Manualidades,Larach y Cia
"Arte, manualidades y creatividad","Paiz, Walmart Honduras"
Arte/Dibujo,Útiles de Honduras
Artesanales e Importadas,"Paiz, Walmart Honduras"
Artículo promocional,ACOSA
ARTICULOS DE ALUMINIO,Comisariato Los Andes
Articulos de baño,Diunsa
Articulos de Carpinteria,Larach y Cia
Artículos de cocina,"Diunsa, ACOSA"
Artículos de decoración,Diunsa
Artículos de hogar,ACOSA
Artículos de Jardinería,Walmart Honduras
Articulos de Limpieza,Larach y Cia
Articulos de Medicion,Larach y Cia
Articulos de Medición,Larach y Cia
Artículos de Navidad,Walmart Honduras
Artículos de oficina,Diunsa
Artículos de temporada,"Walmart Honduras, Paiz"
Articulos de Trazado,Larach y Cia
Artículos deportivos,"Paiz, Walmart Honduras"
ARTICULOS DESECHABLES,Comisariato Los Andes
Artículos escolares,ACOSA
Artículos ferreteros,ACOSA
Articulos Fijacion,Útiles de Honduras
Articulos navideños,Larach y Cia
Artículos para arte,ACOSA
Artículos para bebe,ACOSA
Artículos para Bebé,Lady Lee
Articulos para Dibujar,Larach y Cia
Artículos para el hogar,"Paiz, Walmart Honduras"
Artículos para el Hogar,Larach y Cia
Articulos para encuadernar,Útiles de Honduras
Articulos Para Encuadernar,Útiles de Honduras
Articulos para escritorio,Útiles de Honduras
Articulos Para Escritorio,Útiles de Honduras
Articulos para Fiesta,Larach y Cia
Artículos para fiesta,"Paiz, Walmart Honduras"
Artículos para Fijación,Útiles de Honduras
Articulos Para Manualidades,Útiles de Honduras
Artículos Para Manualidades,Útiles de Honduras
Artículos para Mascotas,Larach y Cia
Articulos para Medicion,"Larach y Cia, Larach y Cia, Larach y Cia"
Articulos para Piscinas,Larach y Cia
Artículos para rotulación,Larach y Cia
Articulos para Rotular,Larach y Cia
Arvejas,"Paiz, Walmart Honduras"
Asadores,"Jetstereo, Diunsa"
ASEO COCINA,Comisariato Los Andes
ASEO HOGAR,"Comisariato Los Andes, Comisariato Los Andes"
Asientos para bebé,PriceSmart Honduras
Asistencias,Diunsa
Asistentes de voz,Steren
Asma,Farmacias Kielsa
Aspiradora,Diunsa
Aspiradoras,"Walmart Honduras, Jetstereo"
Aspiradoras secas y húmedas,PriceSmart Honduras
Aspiradoras y Accesorios,"Larach y Cia, Larach y Cia"
Aspiradoras y cuidado de pisos,PriceSmart Honduras
"Atache,Clip,Fasteners, Chinche",Larach y Cia
Ataduras de trinquetes,PriceSmart Honduras
Aticulos de decoración,Larach y Cia
Aticulos para bar,Larach y Cia
Atlas Mapas,Útiles de Honduras
Atlas y Mapas,Útiles de Honduras
Atún y Pescado,"Paiz, Walmart Honduras"
Audifonos,"ACOSA, Diunsa"
Audífonos,"Paiz, Walmart Honduras, Steren, Jetstereo, Steren, Steren"
Audífonos alámbricos,ACOSA
Audífonos Bluetooth,Steren
Audífonos BTS,Steren
Audífonos gaming,ACOSA
Audífonos Gaming,Jetstereo
Audífonos inalámbricos,ACOSA
Audio,"Paiz, Walmart Honduras, Jetstereo, ACOSA, Diunsa"
AUDIO,Steren
Audio para auto,ACOSA
Audio para Vehiculos,Diunsa
Audio Video,Útiles de Honduras
Audio y Video,Útiles de Honduras
Aumentar Defensas,"Farmacias Kielsa, Farmacias Kielsa"
Auriculares para teléfono,PriceSmart Honduras
Auriculares y altavoces portátiles,PriceSmart Honduras
AURITIENDA,Comisariato Los Andes
Automatización,Diunsa
Automotriz,"Larach y Cia, Lady Lee, PriceSmart Honduras"
AUTOMOTRIZ,Steren
Autos,"Paiz, Walmart Honduras"
Auxiliar 3.5mm,"ACOSA, ACOSA"
Avena y Granola,"Paiz, Walmart Honduras"
Aves,PriceSmart Honduras
Azafates/fuentes/bandejas,Diunsa
Azúcar,"Paiz, Walmart Honduras"
Azúcar y endulzantes,PriceSmart Honduras
Azúcar y Postres,"Paiz, Walmart Honduras"
Azulejo,Larach y Cia
Back to School,Diunsa
Back to School Agosto,Steren
BACON,Comisariato Los Andes
Bafles,Steren
Bagels,"Paiz, PriceSmart Honduras, Walmart Honduras"
Balanzas,Farmacias Kielsa
Balanzas y tallímetros,Meyko
Balones,"Diunsa, Diunsa"
Balones y Entrenamiento,"Paiz, Walmart Honduras"
Bananos,"Paiz, Walmart Honduras"
"Bananos, Papayas y tropicales","Paiz, Walmart Honduras"
Bancas,Jetstereo
Bancos,PriceSmart Honduras
Bancos para bar,PriceSmart Honduras
Banda de Lona,Larach y Cia
Bandas de Actividad,Jetstereo
Bandas y Correas,Jetstereo
Bandejas para fiestas,PriceSmart Honduras
Bañeras,Larach y Cia
Baño,"ACOSA, ACOSA"
Baño y cuidado,Diunsa
Baño y cuidado del bebé,"Paiz, Walmart Honduras"
Baño y Plomería,Walmart Honduras
Banquetas y Asientos,Larach y Cia
Barbies,"Paiz, Walmart Honduras"
Barquillos y Conos,"Paiz, Walmart Honduras"
Barra Adhesiva,ACOSA
Barras de Bronce,Larach y Cia
Barras de Cereal,"Paiz, Walmart Honduras"
Barras de Nylon y Teflon,Larach y Cia
Barras de sonido,Steren
Barras de Sonido,Jetstereo
Barras de Sonido y Teatro en Casa,Walmart Honduras
Barras y Cinceles,Larach y Cia
Barritas,PriceSmart Honduras
Basculas Comerciales,Larach y Cia
Básculas Digitales,Steren
Base para Contador y Aisladores,Larach y Cia
Básicos,"Paiz, Walmart Honduras"
Básicos de algodón,"Paiz, Walmart Honduras"
Bastones y muletas,Meyko
Basureros y papeleras,ACOSA
Baterías,"Farmacias Kielsa, PriceSmart Honduras"
Baterías Alcalinas,Jetstereo
Baterías para auto,Walmart Honduras
Baterías para automóvil,PriceSmart Honduras
Baterías para Teléfono inalámbrico,Steren
Baterias Portatiles,Larach y Cia
Baterías selladas de Ácido-Plomo,Steren
Baterias y Arrancadores,Larach y Cia
Batidoras,"Diunsa, Jetstereo"
Bebé,PriceSmart Honduras
Bebederos y Comederos,"Paiz, Walmart Honduras"
Bebes y Niños,"Paiz, Walmart Honduras"
BEBES Y NIÑOS,Comisariato Los Andes
Bebes y preescolar,"Paiz, Walmart Honduras"
Bebida de Almendra,"Paiz, Walmart Honduras"
Bebidas,"Farmacias Kielsa, PriceSmart Honduras"
BEBIDAS ALCOHOLICAS,Comisariato Los Andes
Bebidas deportivas,PriceSmart Honduras
Bebidas en Polvo,"Paiz, Walmart Honduras"
BEBIDAS EN POLVO,Comisariato Los Andes
Bebidas energéticas,PriceSmart Honduras
BEBIDAS HIDRATANTES,Comisariato Los Andes
Bebidas No Alcoholicas,ACOSA
BEBIDAS NO ALCOHOLICAS,Comisariato Los Andes
Bebidas sin alcohol,PriceSmart Honduras
Belleza,Farmacias Kielsa
Belleza y cuidado personal,Diunsa
Berenjena,"Paiz, Walmart Honduras"
Biberones y tetinas,"Paiz, Walmart Honduras"
Bicicletas,"Diunsa, Jetstereo, PriceSmart Honduras"
Bicicletas adultos,Walmart Honduras
Bicicletas fijas,PriceSmart Honduras
Bicicletas infantiles,Diunsa
Bicicletas niños,"Paiz, Walmart Honduras"
Bicicletas para adultos,Diunsa
Bienestar y estética,ACOSA
Billar,Diunsa
Binders,"Útiles de Honduras, Útiles de Honduras"
Bisagras,Larach y Cia
BLACKCYBER,Diunsa
Blanco,"Walmart Honduras, Paiz"
Blocks de escritura,ACOSA
Blocks y libretas,ACOSA
Blog,Diunsa
Bloqueadores y bronceadores,"Paiz, Walmart Honduras"
Bloques,Larach y Cia
Bloques de ensamble,"Paiz, Walmart Honduras"
Bloques y construcción,"Paiz, Walmart Honduras"
Bluetooth,ACOSA
Bluetooth In Ear,Jetstereo
Bluetooth On Ear,Jetstereo
Bluetooth Open Ear,Jetstereo
Bluetooth Over Ear,Jetstereo
Bocadillos de frutas,PriceSmart Honduras
Bocadillos y Empanadas,Walmart Honduras
Bocinas amplificadas,Steren
Bocinas Bluetooth,Steren
Bodega Fiscal,PC Builds Honduras
Bolas y pelotas,Walmart Honduras
Boligrafos,"Útiles de Honduras, Útiles de Honduras"
Bolígrafos,ACOSA
Bollos y Hot Dog,"Paiz, Walmart Honduras"
Bolsas para Accesorios,Jetstereo
BOLSAS PARA ALIMENTOS,Comisariato Los Andes
Bolsas para árboles navideños,PriceSmart Honduras
Bolsas para Basura,"Paiz, Walmart Honduras"
BOLSAS PARA BASURA,Comisariato Los Andes
Bolsas para Cocina,"Paiz, Walmart Honduras"
Bolsas para la basura,PriceSmart Honduras
Bolsas reutilizables,PriceSmart Honduras
Bolsos deportivos,Diunsa
Bombas para Agua,Larach y Cia
Bombas para Fumigar,Larach y Cia
Bombas para Inflar,Larach y Cia
Bombas para Trasegar,Larach y Cia
Bombillas,PriceSmart Honduras
Bombillos,"Larach y Cia, Larach y Cia, Larach y Cia"
Bombones,"Paiz, Walmart Honduras"
Boquillas de manguera,PriceSmart Honduras
Borradores,"Útiles de Honduras, Útiles de Honduras"
Borradores y correctores,ACOSA
Borradores y Correctores,Larach y Cia
BOTES Y ENLATADOS,Comisariato Los Andes
Botiquines,"Paiz, Walmart Honduras"
Boxeo,Diunsa
Brandy,"Paiz, Walmart Honduras"
Brocas,Larach y Cia
Brochas y Pinceles,Larach y Cia
Budines,PriceSmart Honduras
Buzzers (Zumbadores),Steren
Cable Electrico,Larach y Cia
Cable para Audio y Video,"Larach y Cia, Larach y Cia"
Cable para Redes,"Larach y Cia, Larach y Cia"
Cableado Estructurado,Steren
Cables,"Jetstereo, ACOSA, ACOSA"
CABLES,Steren
Cables Coaxiales (por metro),"Steren, Steren"
Cables de Alimentación (De Poder),"Steren, Steren, Steren"
Cables de Audio,"Steren, Steren"
Cables de Audio (por metro),"Steren, Steren"
Cables de audio y video,ACOSA
Cables de extensión,PriceSmart Honduras
Cables de red,"ACOSA, ACOSA"
Cables de Red,Steren
Cables de Red (por metro),Steren
Cables HDMI,Jetstereo
Cables HDMI y de Video,"Steren, Steren"
Cables Multiconductor (por metro),Steren
Cables para Celular y Tablet,Steren
Cables Telefónicos,"Steren, Steren"
Cables Telefónicos (por metro),"Steren, Steren"
Cables Usb,Larach y Cia
Cables USB,"Steren, Steren"
Cables USB para datos y,Steren
Cables VGA,"Steren, Steren, Steren"
Cables y Accesorios para CCTV,"Steren, Steren"
Cables y adaptadores,ACOSA
Cables y adaptadores para Celular y Tablet,Steren
"Cables, Adaptadores y Cargadores",Jetstereo
"Cadenas, Lasos y Cordeles",Larach y Cia
Café,PriceSmart Honduras
CAFÉ,Comisariato Los Andes
Café en grano,"Paiz, Walmart Honduras"
Café listo para beber,"Paiz, Paiz, Walmart Honduras, Walmart Honduras"
Café Molido,"Paiz, Walmart Honduras"
Café y té,PriceSmart Honduras
Café y Te preparado,"Paiz, Walmart Honduras"
"Café, Té y Sustitutos","Paiz, Walmart Honduras"
Cafeteras,"PriceSmart Honduras, Jetstereo"
Cafeteras y Jarras Eléctricas,Walmart Honduras
Caja de seguridad,Útiles de Honduras
Caja De Seguridad,Útiles de Honduras
Cajas de almacenamiento,PriceSmart Honduras
Cajas de seguridad,"ACOSA, PriceSmart Honduras"
Cajas de Seguridad,Larach y Cia
Cajas de Seguridad (Cajas Fuerte),"Steren, Steren"
Cajas para archivo,ACOSA
Cajas plásticas,Steren
Cajas y Bolsas de Valores,"Larach y Cia, Larach y Cia"
Cajas y Contenedores,"Paiz, Walmart Honduras"
Cajas y Organizadores,"Larach y Cia, Larach y Cia, Larach y Cia"
Cajas y Tapas,Larach y Cia
Cajeta y Dulce de Leche,"Paiz, Walmart Honduras"
Calcio y Minerales,"Paiz, Walmart Honduras"
Calcomanías y etiquetas,ACOSA
Calculadora Escolar,"Útiles de Honduras, Útiles de Honduras"
Calculadoras,Larach y Cia
Calculadoras básica,ACOSA
Calculadoras con impresión,ACOSA
Calculadoras Escritorio,"Útiles de Honduras, Útiles de Honduras"
Calculadoras para estudiantes,ACOSA
Calculadoras y oficina,"Paiz, Walmart Honduras"
Calculadoras y registradoras,ACOSA
Calentadores,"Larach y Cia, Larach y Cia"
Calentadores de Comida No Electricos,Diunsa
Calzado de Seguridad,Larach y Cia
Calzado deportivo,Diunsa
Calzado Everlast,Diunsa
Cámara de seguridad,PriceSmart Honduras
Cámara web,ACOSA
Cámaras,Jetstereo
Cámaras CCTV,Steren
Cámaras de acción,PriceSmart Honduras
Cámaras de Seguridad,Jetstereo
Cámaras de Seguridad WiFi,"Steren, Steren"
Cámaras de Video,Jetstereo
Cámaras de vigilancia,ACOSA
Cámaras deportivas y accesorios,Steren
Cámaras digitales,PriceSmart Honduras
Cámaras Semiprofesionales,Jetstereo
Camaras y Drones,Diunsa
Cámaras y Drones,Jetstereo
Camarones y mariscos,"Paiz, Walmart Honduras"
Camas,"Diunsa, Diunsa"
Camas para mascotas,"Paiz, Walmart Honduras"
Camas para perros,PriceSmart Honduras
Camas y colchones,Meyko
Camillas y bancos para masajes,PriceSmart Honduras
Caminadoras,Jetstereo
Camisa para Mujer,PriceSmart Honduras
Camisas para hombres,PriceSmart Honduras
Camisetas desmangadas para mujeres,PriceSmart Honduras
Camisetas para hombres,PriceSmart Honduras
Camisetas para Mujeres,PriceSmart Honduras
Camisetas para niños y niñas,PriceSmart Honduras
camisetas-futbol,Diunsa
Campanas de extracción,PriceSmart Honduras
Campismo,"Paiz, Walmart Honduras"
Canales y Accesorios,Larach y Cia
Canaletas,Steren
Canaletas y Accesorios,Larach y Cia
Canastas,PriceSmart Honduras
Canastas y Basureros,"Paiz, Walmart Honduras"
Canastas y bolsas para lavandería,PriceSmart Honduras
Candados,Larach y Cia
Candados y Cerraduras,Walmart Honduras
Canteadora y Cepilladora,Larach y Cia
Canvas y lienzos,Útiles de Honduras
Canvas Y Lienzos,Útiles de Honduras
Capacitores,"Steren, Steren"
Captura,Steren
Capturadoras de Video,"Steren, Steren"
Caramelos,"Paiz, Walmart Honduras"
CARBONATADOS,Comisariato Los Andes
Cardiovascular,"Farmacias Kielsa, Diunsa"
Carga Rápida,Jetstereo
Cargadores,"Larach y Cia, Larach y Cia"
Cargadores de dispositivos portátiles,PriceSmart Honduras
Cargadores de Pared,Jetstereo
Cargadores Inalámbricos,Jetstereo
Cargadores para Auto,Jetstereo
Cargadores USB,"Steren, Steren"
Cargadores USB para auto,Steren
Cargadores y baterías portátiles,ACOSA
Cargadores y Cables,Jetstereo
Cargadores y Cables Smartwatch,Jetstereo
Cargadores y Power Banks,Steren
Carne,PriceSmart Honduras
Carne enlatada,PriceSmart Honduras
Carnes,PriceSmart Honduras
CARNES,Comisariato Los Andes
Carnes Enlatadas,"Paiz, Walmart Honduras"
Carnes y Mariscos,ACOSA
"Carnes, Embutidos y Mariscos","Paiz, Walmart Honduras"
Carpas,"PriceSmart Honduras, Diunsa"
"Carpas, Toldos y Lonas",Larach y Cia
Carpeta escolar,Útiles de Honduras
Carpeta Escolar,Útiles de Honduras
Carpintería y construcción,ACOSA
"Carretas y Trocos ",Larach y Cia
"Carretas, Trocos y Transpaletas",Larach y Cia
Carritos,PriceSmart Honduras
Carritos y camiones,"Paiz, Walmart Honduras"
Carros,Diunsa
Carros de asador,PriceSmart Honduras
Carteras y bolsos,ACOSA
Cartulina,"Útiles de Honduras, Útiles de Honduras"
Cartulina block arte y diseño,ACOSA
Cartulina Fluorescente,ACOSA
Cartulina Iris,ACOSA
Cartulina Lino,ACOSA
Cartulina Lustre,ACOSA
Cartulina metalizada,ACOSA
Cartulina Opalina,ACOSA
Cartulina pliego arte y diseño,ACOSA
Cartulina y papel para manualidades,PriceSmart Honduras
Cartulinas,ACOSA
CASA Y OFICINA,"Steren, Steren"
Casa y oficina Smart,Steren
Casas de juguete,PriceSmart Honduras
Cases,Jetstereo
Casitas,Walmart Honduras
Casquillos y Deslizadores,Larach y Cia
Catres y colchones inflables para campamento,PriceSmart Honduras
Cátsup y Mostaza,"Paiz, Walmart Honduras"
Cautines y accesorios,Steren
Cautines y Accesorios,Steren
CD/DVD,Okashi HN
Cebollas,"Paiz, Walmart Honduras"
"Cebollas, papas y verduras de raíz","Paiz, Walmart Honduras"
Cebollino,"Paiz, Walmart Honduras"
Celulares,"Paiz, Jetstereo, Diunsa, ACOSA, Diunsa, Walmart Honduras"
Celulares y Accesorios,"ACOSA, Jetstereo"
Celulares y Tablets,Lady Lee
"Cemento, Grava y Arena",Larach y Cia
Centro de Carga y Breaker,Larach y Cia
Centro de Lavado,Jetstereo
Cepillo dental,"Paiz, Walmart Honduras"
Cepillo eléctrico,Diunsa
Cepillos de dientes,PriceSmart Honduras
Cepillos Dentales,Farmacias Kielsa
Cepillos para inodoro,PriceSmart Honduras
"Cepillos, Esponjas y Pastes","Larach y Cia, Larach y Cia"
"Cepillos, Planchas y Accesorios","Paiz, Walmart Honduras"
Cera para Pisos,"Paiz, Walmart Honduras"
Cercas Electricas y Accesorios,Larach y Cia
Cerdo,"Paiz, Walmart Honduras, PriceSmart Honduras"
CERDO,Comisariato Los Andes
Cereal Dulce,"Paiz, Walmart Honduras"
CEREALES,Comisariato Los Andes
Cereales y avenas,ACOSA
Cereales y Barras,"Paiz, Walmart Honduras"
Cereales y galletas para bebé,"Paiz, Walmart Honduras"
Cereales y granolas,PriceSmart Honduras
Cerraduras para Muebles y Auto,Larach y Cia
Cerraduras y Accesorios para Puertas,Larach y Cia
Cerrajeria,Larach y Cia
Cerveza,PriceSmart Honduras
CERVEZA,Comisariato Los Andes
Cervezas,"Paiz, ACOSA, Walmart Honduras"
"Cervezas, Vinos y Licores","Paiz, Walmart Honduras"
Cestos de basura,PriceSmart Honduras
Champagne y Espumoso,"Paiz, Walmart Honduras"
Chaquetas para hombres,PriceSmart Honduras
Chaquetas para mujeres,PriceSmart Honduras
Chayotes,"Paiz, Walmart Honduras"
Chicharrones,"Paiz, Walmart Honduras"
Chicles,"Paiz, Farmacias Kielsa, Walmart Honduras"
Chicles y mentas,PriceSmart Honduras
Chiles,"Paiz, Walmart Honduras"
Chinógrafos,ACOSA
Chocolate para hornear,PriceSmart Honduras
Chocolates,"Walmart Honduras, Paiz, Farmacias Kielsa, PriceSmart Honduras"
Chorizo,"Paiz, Walmart Honduras"
CHORIZOS,Comisariato Los Andes
Chuletas y costilla,"Paiz, Walmart Honduras"
Churros,Farmacias Kielsa
Ciclismo,PriceSmart Honduras
Ciencia y experimentos,Walmart Honduras
Cigarros,"Paiz, Paiz, Walmart Honduras, Walmart Honduras"
Cigarros electrónicos,ACOSA
Cilindros de propano,PriceSmart Honduras
Cilindros y Accesorios de Gas Butano,Larach y Cia
Cintas adhesivas,ACOSA
Cintas Adhesivas,"Útiles de Honduras, Útiles de Honduras, Larach y Cia, Larach y Cia, Larach y Cia, Larach y Cia"
Cintas caminadoras,PriceSmart Honduras
Cintas Metricas,Larach y Cia
Cinturones para hombres,PriceSmart Honduras
Circuitos Integrados,Steren
CITRICOS,Comisariato Los Andes
City,Diunsa
Clavijas,Steren
"Clavijas, convertidores y ladrones",Steren
Clavos y Grapas,"Larach y Cia, Larach y Cia, Larach y Cia"
Clínica,Meyko
Cloro,"Paiz, Walmart Honduras"
Closets y Gabinetes,"Paiz, Walmart Honduras"
Cobertizos,PriceSmart Honduras
Cobertores,"ACOSA, Jetstereo"
Cobertores para Lavadora,Larach y Cia
Cobijas y Frazadas,"Paiz, Walmart Honduras"
Cochés para bebé,PriceSmart Honduras
"Coches, asientos de auto y canguros",Walmart Honduras
Cocina,"ACOSA, ACOSA, ACOSA"
COCINA INTERNACIONAL,Comisariato Los Andes
Cocinas y Hornos,Walmart Honduras
Cocinitas,"Paiz, Walmart Honduras"
Codigos digitales,Game Station
Cojines,Larach y Cia
Cojines decorativos,Walmart Honduras
Colados 2da etapa,"Paiz, Walmart Honduras"
Colados 3ra etapa,"Paiz, Walmart Honduras"
Colados 4ta etapa y junior,"Paiz, Walmart Honduras"
Colágeno,"Paiz, Walmart Honduras"
Colchas y Edredones,Walmart Honduras
Colchones,"PriceSmart Honduras, Walmart Honduras"
Colchones de aire,PriceSmart Honduras
Colchones y Blancos,"Paiz, Walmart Honduras"
Colchones y sillas inflables,Diunsa
Colchonetas,Diunsa
Colchonetas para ejercicio,PriceSmart Honduras
Coleccionables,"Game Station, Paiz, Okashi HN, Walmart Honduras"
Coleccionables Panini,Diunsa
Colesterol y Trigliceridos,Farmacias Kielsa
Colgantes Navidad,"Paiz, Walmart Honduras"
Collares y Correas,"Paiz, Walmart Honduras"
Collares y Pecheras,Larach y Cia
Collarines,Meyko
Colorantes,"Paiz, Walmart Honduras"
Colorantes y Almidones,"Paiz, Walmart Honduras"
"Colores, crayolas y plumas","Paiz, Walmart Honduras"
Combos,ACOSA
Comederos,PriceSmart Honduras
Comedores,Walmart Honduras
Comedores y Muebles de Cocina,Walmart Honduras
Comfort Total,Steren
Comida congelada,PriceSmart Honduras
Comida Congelada,"Walmart Honduras, Paiz"
Comida Fácil,"Paiz, Walmart Honduras"
Comida para bebé y lactancia,"Paiz, Walmart Honduras"
Comida para perros,ACOSA
Comida vegetariana,PriceSmart Honduras
COMIDAS,Comisariato Los Andes
Comidas preparadas,PriceSmart Honduras
Compartimientos de almacenaje,PriceSmart Honduras
Compas y Flautas,"Paiz, Walmart Honduras"
Complejo B,"Paiz, Walmart Honduras"
Complementos,Diunsa
Complementos de PC,Diunsa
Complementos Ejercicio,Jetstereo
Complementos Juegos de Video,Jetstereo
Complementos Línea Blanca,Jetstereo
Complementos menaje sala y comedor,Diunsa
Complementos TV y Video,Jetstereo
Componentes,"ACOSA, ACOSA"
Compresas,"Farmacias Kielsa, Meyko"
Compresores,Larach y Cia
Computación,Walmart Honduras
COMPUTACIÓN,Steren
Computadoras,"ACOSA, Diunsa"
Computadoras de escritorio,PriceSmart Honduras
Computadoras de Escritorio,Jetstereo
Computadoras portátiles,PriceSmart Honduras
Computadoras y Tablets,Jetstereo
"Computadoras, tablets y accesorios",PriceSmart Honduras
Comunicación Satelital,Jetstereo
Condensada,"Paiz, Walmart Honduras"
Condimentos,"PriceSmart Honduras, ACOSA"
CONDIMENTOS,Comisariato Los Andes
Conecta,Steren
Conectividad y redes,ACOSA
Conectores,ACOSA
Conectores de Audio,Steren
Conectores de red,ACOSA
CONECTORES DE VIDEO,Steren
Conectores para Alimentación y Terminales,Steren
Conectores y Adaptadores para PC,Steren
Conectores y Terminales,Steren
Conexiones y Redes,PC Builds Honduras
Confites,Farmacias Kielsa
Congeladores,"PriceSmart Honduras, Jetstereo"
CONGELADOS,Comisariato Los Andes
Conjuntos para bebé,Walmart Honduras
Conjuntos para Hombres,PriceSmart Honduras
Conjuntos para Mujeres,PriceSmart Honduras
Conjuntos para niños y niñas,PriceSmart Honduras
Consolas,Jetstereo
Consolas de videojuegos,PriceSmart Honduras
Consolas Video Juegos,Diunsa
Consomés,"Paiz, Walmart Honduras"
Construcción,Larach y Cia
Consumible sublimación,ACOSA
Consumibles,"Útiles de Honduras, Útiles de Honduras, ACOSA"
Contactos,Larach y Cia
Contadoras y Detectores de Billetes,"Steren, Steren"
Control de acceso,ACOSA
Control de diabetes,"Paiz, Walmart Honduras"
Control de entrada,Steren
Control de insectos,PriceSmart Honduras
Control de Peso,"Farmacias Kielsa, Farmacias Kielsa"
Control de Plagas,Steren
Control gaming,ACOSA
Control remoto,"Paiz, ACOSA, Walmart Honduras"
Control y confort de aire,Steren
Controles,"Larach y Cia, Jetstereo"
Controles remoto de TV y Android TV,"Steren, Steren"
Controles Remotos,Jetstereo
Convertidor de Señal,Larach y Cia
Convertidores de voltaje y adaptadores de contactos para viaje,Steren
Cooktops de Gas,Jetstereo
Cooktops Eléctricas,Jetstereo
Copas descartables,PriceSmart Honduras
Core i5,ACOSA
Corrales,PriceSmart Honduras
Correctores,"Útiles de Honduras, Útiles de Honduras"
"Correctores,Liquido, Cinta",Larach y Cia
Cortadoras de cabello,Diunsa
Cortadoras de césped,PriceSmart Honduras
Cortadoras de Cesped y Podadoras,Larach y Cia
Cortadoras Nasal,Diunsa
Cortadoras y Afeitadoras,Diunsa
Cortadoras y bordeadoras,PriceSmart Honduras
Cortadores Manuales,Larach y Cia
Cortagrama,Larach y Cia
Cortes con Hueso,"Paiz, Walmart Honduras"
Cortes y Parrilla,"Paiz, Walmart Honduras"
Cortinas,"Diunsa, PriceSmart Honduras"
Cortinas y Accesorios,"Larach y Cia, Larach y Cia"
Cortinas y Persianas,Walmart Honduras
Cosmeticos,Farmacias Kielsa
Cosméticos,"Paiz, PriceSmart Honduras, Walmart Honduras"
CPAP y BIPAP,Meyko
CPU Blocks,PC Builds Honduras
Crayones,"Útiles de Honduras, Útiles de Honduras"
Crayones y tizas,ACOSA
"Crayones, Marcadores y Colores","Larach y Cia, Larach y Cia"
Creación de Contenido,"Steren, Steren"
Creator,Diunsa
Crema,PriceSmart Honduras
Crema agria,PriceSmart Honduras
Crema batida,PriceSmart Honduras
Crema de Avellana y Mantequilla de Maní,"Paiz, Walmart Honduras"
Crema facial,"Paiz, Walmart Honduras"
Crema o Natilla,"Paiz, Walmart Honduras"
Crema para café,"Paiz, Walmart Honduras"
Crema para peinar,"Paiz, Walmart Honduras"
"Crema, gel y loción para bebé","Paiz, Walmart Honduras"
Cremas corporales,"Paiz, Walmart Honduras"
Cremas Dentales,Farmacias Kielsa
Cremas Instantáneas,"Paiz, Walmart Honduras"
Cremas y Aceites,Farmacias Kielsa
Cremas y Tratamientos,"Paiz, Walmart Honduras"
CRISTALERIA,Comisariato Los Andes
Cristalería,PriceSmart Honduras
Crutones,"Paiz, Walmart Honduras"
Cuadernos,"Útiles de Honduras, Útiles de Honduras, ACOSA"
Cuadernos cosido,ACOSA
Cuadernos espiral 1 materia,ACOSA
Cuadernos espiral 10 materia,ACOSA
Cuadernos espiral 2 materia,ACOSA
Cuadernos espiral 3 materia,ACOSA
Cuadernos espiral 5 materias,ACOSA
Cuadernos grapado,ACOSA
Cuadernos único,ACOSA
Cuadernos y agendas,Diunsa
Cuadernos y carpetas,"Paiz, Walmart Honduras"
"Cuadernos,Libretas, Libros",Larach y Cia
"Cuadros, Retratera y Adornos de Pared",Larach y Cia
Cuatrimotos,Diunsa
Cubertería de mesa,Diunsa
Cubierta para colchones,PriceSmart Honduras
Cubiertos comerciales,PriceSmart Honduras
Cubiertos descartables,PriceSmart Honduras
Cubiertos y cuchillería,ACOSA
Cubiertos y Cuchillos,"Paiz, Walmart Honduras"
Cubiertos y mantelería descartable,PriceSmart Honduras
"Cubiertos, vajilla y utensilios para servir",PriceSmart Honduras
Cubos de Carga,Jetstereo
Cubos Multipuerto,Jetstereo
Cubos USB A,Jetstereo
Cubos USB C,Jetstereo
Cuchillas,"Larach y Cia, Larach y Cia"
Cuentos,"Útiles de Honduras, Útiles de Honduras"
Cuerdas y Ligas,Jetstereo
Cuidado Bucal,"Paiz, Farmacias Kielsa, Walmart Honduras"
Cuidado Corporal,"Paiz, Walmart Honduras"
Cuidado de heridas y ostomía,Meyko
Cuidado de la Mujer,"Paiz, Walmart Honduras"
Cuidado de la piel,"ACOSA, PriceSmart Honduras"
Cuidado de los Pies,Farmacias Kielsa
Cuidado de Pies,"Paiz, Walmart Honduras"
Cuidado del cabello,"Paiz, Walmart Honduras, Diunsa, PriceSmart Honduras, ACOSA"
Cuidado del Cabello,"Farmacias Kielsa, ACOSA"
Cuidado del Hombre,"Paiz, Walmart Honduras"
Cuidado del pie,Meyko
Cuidado del rostro,"ACOSA, ACOSA"
Cuidado en casa,Meyko
Cuidado Facial,"Paiz, Farmacias Kielsa, ACOSA, Walmart Honduras"
Cuidado Íntimo,"Paiz, Walmart Honduras"
Cuidado Ocular y Ótico,"Paiz, Walmart Honduras"
Cuidado oral,PriceSmart Honduras
Cuidado para Zapatos,"Paiz, Walmart Honduras"
Cuidado personal,"Meyko, ACOSA"
Cuidado Personal,"Farmacias Kielsa, Farmacias Kielsa, Jetstereo, ACOSA, Lady Lee"
CUIDADO PERSONAL,Comisariato Los Andes
Cuidado y Limpieza,ACOSA
Cuidado y protección,"Paiz, Walmart Honduras"
Culantro-Cilantro,"Paiz, Walmart Honduras"
Cunas y encierros,"Paiz, Walmart Honduras"
"Cunas, coches y accesorios","Paiz, Walmart Honduras"
Cupcakes,PriceSmart Honduras
Curiosidades y Más,Lady Lee
Curitas y Vendajes,"Paiz, Walmart Honduras"
Days of Play,Diunsa
DDR4,PC Builds Honduras
DDR5,PC Builds Honduras
de Contacto,Farmacias Kielsa
De Fibra y Light,"Paiz, Walmart Honduras"
Decoración de fiesta,ACOSA
Decoración del hogar,"ACOSA, PriceSmart Honduras"
Decoración del Hogar,Walmart Honduras
Decoración e iluminación,Diunsa
Decoración Halloween,"Paiz, Walmart Honduras"
Decoración y Muebles,"Paiz, Walmart Honduras"
Decoraciones navideñas,PriceSmart Honduras
Decoraciones para Halloween,PriceSmart Honduras
"Delantal, Guantes y Toallas",Larach y Cia
DELICATESEN,Comisariato Los Andes
Delineador de ojos y cejas,"Paiz, Walmart Honduras"
Depilación y Afeitado,"Paiz, Walmart Honduras"
Depiladoras,Diunsa
Depiladoras y Masajeadores,Diunsa
Deporte de salon,Diunsa
Deportes,"Diunsa, Paiz, Walmart Honduras"
DEPORTES,Comisariato Los Andes
Deportes acuáticos,PriceSmart Honduras
Deportes y fitness,PriceSmart Honduras
DERIVADOS,Comisariato Los Andes
Dermatología,"Paiz, Walmart Honduras"
Dermatológicos,Farmacias Kielsa
"Desague,Extenciones,Guias y Sifones",Larach y Cia
Desarmadores,Larach y Cia
Desarrollo y estimulación,Diunsa
Descongestionantes,"Paiz, Walmart Honduras"
Desechables,"Paiz, Farmacias Kielsa, Walmart Honduras, ACOSA"
Desinfectantes,"Paiz, Walmart Honduras, PriceSmart Honduras"
Desktop nuevas,ACOSA
Desktop remanufacturadas,ACOSA
Desktop usadas,ACOSA
Desmaquillante y agua micelar,"Paiz, Walmart Honduras"
Desodorante,PriceSmart Honduras
Desodorante y Antitranspirante para pies,"Paiz, Walmart Honduras"
Desodorantes,"Farmacias Kielsa, Paiz, Walmart Honduras"
Desparasitantes,Farmacias Kielsa
Destapacaños,"Paiz, Walmart Honduras"
Detergente,"Paiz, Walmart Honduras"
Detergente en polvo,"Paiz, Walmart Honduras"
Detergente líquido,"Paiz, Walmart Honduras"
Detergentes para ropa,PriceSmart Honduras
Detergentes para vajilla,PriceSmart Honduras
Dia de la Madre,Diunsa
Día de la Madre,Diunsa
Día de la Mujer,Diunsa
Día del Padre,Diunsa
Diabetes,Meyko
Diábetes,Farmacias Kielsa
Diagnóstico,Meyko
Días Más Baratos,Diunsa
Diccionarios,"Útiles de Honduras, Larach y Cia, Útiles de Honduras"
Didactico,ACOSA
Didáctico,Larach y Cia
Difusores,Jetstereo
Digestión,Farmacias Kielsa
Digestión/Colon,Farmacias Kielsa
Diodos,Steren
Dip,"Paiz, Walmart Honduras"
Disco duro externo,ACOSA
Disco duro interno,ACOSA
Discos duros,"ACOSA, ACOSA"
Discos Duros,Jetstereo
Discos duros internos,ACOSA
Discos duros y memorias,PriceSmart Honduras
Disfraces,"Paiz, Walmart Honduras"
"Disfraces, máscaras y sombreros",Walmart Honduras
Disipadores de calor,ACOSA
Disney,Diunsa
Dispensadores,Jetstereo
Dispensadores de agua,"Walmart Honduras, PriceSmart Honduras"
Dispensadores de bebidas,PriceSmart Honduras
Dispensadores de Comida,Jetstereo
Displays,ACOSA
Dispositivos para Streaming,Jetstereo
Dispositivos y aparatos médicos,PriceSmart Honduras
Diunsa Land,Diunsa
Diuréticos,Farmacias Kielsa
Dolor de Cabeza y Migraña,"Paiz, Walmart Honduras"
Dolor Menstrual,"Paiz, Walmart Honduras"
Dolor Muscular y Articular,"Paiz, Walmart Honduras"
Dolor y Fiebre,"Paiz, Walmart Honduras"
Donaciones,"Farmacias Kielsa, Farmacias Kielsa"
Donas y churros,PriceSmart Honduras
Doppler,Meyko
Dormitorio,"ACOSA, Diunsa"
Dos en Uno,Jetstereo
Doseles y gazebos,PriceSmart Honduras
Dremel,Larach y Cia
Drones,Jetstereo
"Duchas, Brazos y Electroduchas",Larach y Cia
Ductos,Larach y Cia
DULCERIA,Comisariato Los Andes
Dulces,"Farmacias Kielsa, PriceSmart Honduras, ACOSA, ACOSA"
Dulces de temporada,PriceSmart Honduras
Dulces y Chocolates,"Paiz, Walmart Honduras"
"Dulces, chocolates y chicles",PriceSmart Honduras
Duplo®,Diunsa
Duraznos y melocotones,"Paiz, Walmart Honduras"
Educación y capacitación,Meyko
Ejecutiva,ACOSA
Ejercicio,Jetstereo
Ejercicio y movilidad,Meyko
Eléctricas,Jetstereo
Electricidad,"Larach y Cia, ACOSA"
Electro Days,Diunsa
Electro mayor,ACOSA
Electro menor,ACOSA
Electrodoméstico,ACOSA
Electrodomesticos,Larach y Cia
Electrodomésticos,"Walmart Honduras, PriceSmart Honduras, Lady Lee, Jetstereo, Diunsa"
Electrodos,Larach y Cia
Electrolitos,"Paiz, Walmart Honduras"
Electrónica,"Paiz, Walmart Honduras, Diunsa, ACOSA"
Electrónica analógica,Steren
Electrónica de potencia,Steren
Electrónica digital,Steren
Electrónicos,PriceSmart Honduras
Elementos de escritura,PriceSmart Honduras
Eliminadores de Humedad,Larach y Cia
Eliminadores y fuentes de poder,Steren
Elípticas,"PriceSmart Honduras, Jetstereo"
Elotes,"Paiz, Walmart Honduras"
Embutidos,"PriceSmart Honduras, ACOSA"
Embutidos y Carnes Frías,"Paiz, Walmart Honduras"
Emergencias,Meyko
Empacados,"Paiz, Walmart Honduras"
Empanizadores,"Paiz, Walmart Honduras"
Empaque,"Útiles de Honduras, Útiles de Honduras"
Empaques,Larach y Cia
En Polvo,"Paiz, Walmart Honduras"
Encendedores,"Paiz, Walmart Honduras"
Enchape para Pared,Larach y Cia
Enchufes,"Larach y Cia, Jetstereo"
Enciende la ilusión,Steren
Encuadernado y suministros,ACOSA
Endulzantes,ACOSA
ENERGÍA,Steren
Energía alternativa e inversores de energía,PriceSmart Honduras
Energia solar,ACOSA
Energia Solar,ACOSA
Energizante,"Paiz, Walmart Honduras"
ENERGIZANTES,Comisariato Los Andes
Energizantes e Hidratantes,"Paiz, Walmart Honduras"
Enfriadores,Diunsa
Enfriadores BTS,Steren
Engrapadora Escolar,"Útiles de Honduras, Útiles de Honduras"
Engrapadora Oficina,"Útiles de Honduras, Útiles de Honduras"
Engrapadoras y Clavadoras,"Larach y Cia, Larach y Cia"
Enjuague bucal,"Paiz, Walmart Honduras"
Enjuague oral,PriceSmart Honduras
Enjuagues,Farmacias Kielsa
Enlatados,"PriceSmart Honduras, ACOSA"
Enlatados y Conservas,"Paiz, Walmart Honduras"
Ensaladas,PriceSmart Honduras
Ensaladas y empacados,"Paiz, Paiz, Walmart Honduras, Walmart Honduras"
Entradas congeladas,PriceSmart Honduras
Entradas y Aperitivos,PriceSmart Honduras
Entrenamiento Físico,"Paiz, Walmart Honduras"
Entretenimiento,Steren
Entretenimiento Verano,Diunsa
Envase Agua,Paiz
Envase y termo escolar,ACOSA
Envío Gratis,Steren
Envíos Gratis,Steren
Envíos Gratis HN,Steren
Envoltorio para alimentos,PriceSmart Honduras
Envoltorios,PriceSmart Honduras
Envolturas para regalo,"Paiz, Walmart Honduras"
Equipaje,PriceSmart Honduras
Equipaje y Accesorios,Walmart Honduras
Equipamiento y suministros eléctricos,PriceSmart Honduras
Equipo,ACOSA
Equipo centro copiado,ACOSA
Equipo de cardio,PriceSmart Honduras
Equipo de corte,"ACOSA, ACOSA"
Equipo de estampado,ACOSA
Equipo de Fuerza,Jetstereo
Equipo de Medición,Steren
Equipo de sublimación,"ACOSA, ACOSA"
Equipo eléctrico para jardín,PriceSmart Honduras
Equipo Estacionario,Larach y Cia
Equipo Médico,Farmacias Kielsa
Equipo para DJ y karaoke,PriceSmart Honduras
Equipo para karaoke,PriceSmart Honduras
Equipo para levantamiento de pesas,PriceSmart Honduras
Equipo para masajes,PriceSmart Honduras
Equipo para movilidad,PriceSmart Honduras
Equipo para Movilidad,Farmacias Kielsa
Equipo y Cable de Red,Steren
Equipo y Cables de Red,Steren
Equipo y Material Médico,Farmacias Kielsa
Equipo y suministros para campamento,PriceSmart Honduras
EQUIPOS DE COCINA,Comisariato Los Andes
Equipos de Medición,Steren
Equipos de Sonido,Jetstereo
Equipos deportivos,Diunsa
Escaleras,"Larach y Cia, PriceSmart Honduras"
Escáner pc,ACOSA
Escáner pos,ACOSA
Escáners,ACOSA
Escobas y Cepillos,Larach y Cia
Escobas y trapeadores,PriceSmart Honduras
"Escobas, Cepillos y Escurridores de Piso","Paiz, Walmart Honduras"
Escolar,"Útiles de Honduras, Útiles de Honduras, ACOSA"
Escolar y Oficina,"Larach y Cia, Diunsa"
Escritorios,"ACOSA, Walmart Honduras"
Escritorios ejecutivo,ACOSA
Escritorios gaming,ACOSA
Escritorios para oficina,PriceSmart Honduras
Escritorios secretarial,ACOSA
Escritorios soho,ACOSA
Escritorios y Muebles de Oficina,Walmart Honduras
Escritura,"Útiles de Honduras, Útiles de Honduras, ACOSA, ACOSA"
Escuadras Soportes y Repisas,"Larach y Cia, Larach y Cia, Larach y Cia, Larach y Cia"
Esferas Navidad,"Paiz, Walmart Honduras"
Esmaltes y manicure,"Paiz, Walmart Honduras"
Esmeril y Pulidora,Larach y Cia
Espaciadores,Larach y Cia
Esparragos,Walmart Honduras
Espatulas y cucharas,Larach y Cia
ESPECIALIDADES,"Comisariato Los Andes, Comisariato Los Andes"
Especialidades y Otros,"Paiz, Walmart Honduras"
Especializados,Farmacias Kielsa
Especias,"Paiz, Walmart Honduras, PriceSmart Honduras"
Especias y Sazonadores,"Paiz, Walmart Honduras"
Espejos,"Paiz, Larach y Cia, Larach y Cia, Walmart Honduras, PriceSmart Honduras"
Esponjas,PriceSmart Honduras
Estabilizadores- Lluvia,Steren
Estaciones de Energía y Fuentes de Poder,Steren
Estaciones Portátiles,Jetstereo
Estado solido (ssd),ACOSA
Estantes,Walmart Honduras
Estetoscopios y tensiómetros,Meyko
Estimulación temprana,"Paiz, Walmart Honduras"
Estimuladores,Meyko
Estructuras Metalicas,Larach y Cia
Estufa a gas,Diunsa
Estufa Eléctrica,Diunsa
Estufa Portátil,Diunsa
Estufas,Jetstereo
Estufas de Gas,Jetstereo
Estufas Eléctricas,Jetstereo
Estufas y Cilindro de Gas,Larach y Cia
Estufas y hornos,PriceSmart Honduras
Etiquetadora,Larach y Cia
Etiquetadoras,ACOSA
Etiquetas y viñetas,ACOSA
Evaporada,"Paiz, Walmart Honduras"
Everlast,Diunsa
Exfoliantes,"Paiz, Walmart Honduras"
Exprimidores y extractores,Diunsa
Extensiones Eléctricas,"Steren, Steren"
Extensiones y contactos,Walmart Honduras
Extensiones y Multicontactos,Larach y Cia
Extensores de Video,Steren
Extensores WIFI,Jetstereo
Exteriores,PriceSmart Honduras
Extintores,Larach y Cia
Extractor de Jugos,Jetstereo
Extractor de leche,PriceSmart Honduras
Extractores,"Larach y Cia, Jetstereo"
Extractores y Procesadores de alimentos,Walmart Honduras
Fabricadoras de cubitos de hielo,PriceSmart Honduras
Fajas y correctores,Meyko
Farmacia,"Paiz, Walmart Honduras, ACOSA"
Ferreteria,ACOSA
Ferretería,"Paiz, Walmart Honduras"
Ferretería y mejoras al hogar,PriceSmart Honduras
FIBER CORE,Steren
Fibras y esponjas,"Paiz, Walmart Honduras"
Fiesta y piñatería,ACOSA
Figuras,Okashi HN
Figuras de acción y coleccionables,"Paiz, Walmart Honduras"
Filete y Marinados de Cerdo,"Paiz, Walmart Honduras"
Filete y Marinados de Res,"Paiz, Walmart Honduras"
"Filete, molida y marinados de pollo","Paiz, Walmart Honduras"
Filetes de Pescado,"Paiz, Walmart Honduras"
Filtros para café,"Paiz, Walmart Honduras, PriceSmart Honduras"
Filtros solares,PriceSmart Honduras
Filtros y Purificadores,Larach y Cia
Fisioterapia,Meyko
Fitness,Walmart Honduras
Fittings,PC Builds Honduras
Floor Mats,Jetstereo
Flotantes para piscina,PriceSmart Honduras
Focos,Meyko
Focos Inteligentes,Steren
Focos LED,Steren
Focos y Refacciones,Steren
"Focos, Lámparas e Iluminación","Paiz, Walmart Honduras"
Folders,"Útiles de Honduras, Útiles de Honduras"
"Folders, sobres y archiveros",Walmart Honduras
Fontaneria,ACOSA
Fontanería,Larach y Cia
"Formon,Gubia",Larach y Cia
Fórmula para bebé,PriceSmart Honduras
Fórmulas lácteas,"Paiz, Walmart Honduras"
Fósforos y encendedores,PriceSmart Honduras
Foto y video,PriceSmart Honduras
Fragancias,"Paiz, Walmart Honduras"
Frambuesas,"Paiz, Walmart Honduras"
Freezers,Diunsa
Freidoras,"Diunsa, PriceSmart Honduras"
Freidoras  de Aire,Jetstereo
Freidoras y ollas eléctricas,Walmart Honduras
French Door,Jetstereo
"Fresa, frambuesa y moras","Paiz, Walmart Honduras"
Fresas,"Paiz, Walmart Honduras"
Frideras,Diunsa
Friends,Diunsa
Frigidaire,Diunsa
Frijol,"Walmart Honduras, Paiz"
Frijoles enlatados,PriceSmart Honduras
Frijoles instantáneos,"Paiz, Walmart Honduras"
Frijoles secos,PriceSmart Honduras
Frijoles y Arroz,Larach y Cia
Fruta fresca,PriceSmart Honduras
Frutas,"Paiz, Walmart Honduras"
FRUTAS,Comisariato Los Andes
Frutas congeladas,PriceSmart Honduras
Frutas Congeladas,"Paiz, Walmart Honduras"
Frutas en Almíbar,"Paiz, Walmart Honduras"
Frutas enlatadas,PriceSmart Honduras
Frutas Secas,"Paiz, Walmart Honduras"
Frutas y vegetales,PriceSmart Honduras
FRUTAS Y VEGETALES,Comisariato Los Andes
Frutas y Verdura Congelada,"Paiz, Walmart Honduras"
Frutas y Verduras,"Paiz, Walmart Honduras"
Frutas y Verduras Frescas,ACOSA
Frutos secos,PriceSmart Honduras
Fuentes,"Larach y Cia, Larach y Cia"
Fuentes de Poder,PC Builds Honduras
Fundas,"Jetstereo, ACOSA"
Fundas y Cobertores,Jetstereo
"Fundas, Maletines y Mochilas","Larach y Cia, Larach y Cia"
Fusibles,Larach y Cia
Fusibles Automotrices,Steren
Fusibles y Bujias,Larach y Cia
Fusibles y Portafusibles,Steren
Fusilli,"Paiz, Walmart Honduras"
Fútbol,Diunsa
Futbolin,Diunsa
Gabinetes,PC Builds Honduras
Gabinetes para almacenamiento,PriceSmart Honduras
Gabinetes y estantes para el garage,PriceSmart Honduras
Gabinetes y rack,ACOSA
"Gabinetes, Alacenas Y Estantes",Walmart Honduras
Gadgets,"Steren, Steren"
Gafas de lectura,ACOSA
Gafete,"Útiles de Honduras, Útiles de Honduras"
Gafetes y porta gafetes,ACOSA
Galletas,"Larach y Cia, Larach y Cia, Paiz, Walmart Honduras, PriceSmart Honduras"
Galletas Dulces,"Paiz, Walmart Honduras"
Galletas horneadas,PriceSmart Honduras
Galletas Integrales,"Paiz, Walmart Honduras"
Galletas saladas,PriceSmart Honduras
Galletas Saladas,"Walmart Honduras, Paiz"
GALLETAS Y BOTANAS,Comisariato Los Andes
"Galletas, postres, y helados",PriceSmart Honduras
Gamers,"Steren, Steren"
Gaming,"ACOSA, ACOSA, Jetstereo"
Ganchos para Ropa,"Paiz, Walmart Honduras"
Gas,Jetstereo
Gasas,Farmacias Kielsa
Gaseosas,"Paiz, Farmacias Kielsa, Walmart Honduras, PriceSmart Honduras"
Gatos,"Paiz, Walmart Honduras"
GATOS,Comisariato Los Andes
Gatos Hidraulicos,Larach y Cia
"Gatos, elevadores y soportes para automóvil",PriceSmart Honduras
"Gel, mousse y spray","Paiz, Walmart Honduras"
Gelatinas y Flan,"Paiz, Walmart Honduras"
GELATINAS Y FLANES,Comisariato Los Andes
Geles y cremas de afeitar,PriceSmart Honduras
Generadores,"PriceSmart Honduras, Diunsa"
Generadores de energía,Diunsa
Generadores de Tono (Pollos) y Probadores de Cable,Steren
Gimnasio y Deportes,Lady Lee
Gin,PriceSmart Honduras
Ginebra,"Paiz, Walmart Honduras"
Glucometros,Farmacias Kielsa
Golosinas para Halloween,PriceSmart Honduras
"Goma, Pegamentos y Adhesivos",Larach y Cia
Gomas Pegamentos,Útiles de Honduras
Gomas y Pegamentos,Útiles de Honduras
Gomas y sacapuntas,"Paiz, Walmart Honduras"
Gomitas,"Paiz, Walmart Honduras"
Gorras,Diunsa
Gotas y lubricantes,"Paiz, Walmart Honduras"
Grabadoras de voz,"Steren, Steren"
Grabadores CCTV (DVR),Steren
gracias,Diunsa
Gran Electro,Diunsa
Granola,PriceSmart Honduras
Granos Basicos,ACOSA
GRANOS HARINAS Y PASTAS,Comisariato Los Andes
Granos y pasta,PriceSmart Honduras
Grapas,"Larach y Cia, Larach y Cia, Steren"
Grifos y Valvulas,"Larach y Cia, Larach y Cia, Larach y Cia"
Grill y horno,Diunsa
"Gripe, Tos y Alergias",Farmacias Kielsa
"Gripe, Tos y Resfriado","Paiz, Walmart Honduras"
Guantes,"Paiz, Larach y Cia, Larach y Cia, Walmart Honduras"
Guantes y mascarillas,PriceSmart Honduras
Guarniciones,PriceSmart Honduras
Guarniciones congeladas,PriceSmart Honduras
Guisar y vísceras,"Paiz, Walmart Honduras"
Habitación,Walmart Honduras
Hacha,Larach y Cia
HamiltonBeach,Diunsa
Harina,ACOSA
Harina de Trigo y Maíz,"Paiz, Walmart Honduras"
Harinas,"PriceSmart Honduras, ACOSA"
Harinas y Pastas,Larach y Cia
Harinas y Repostería,"Paiz, Walmart Honduras"
Harvest,"Walmart Honduras, Paiz"
"Hasta 36""",Diunsa
Headsets,PC Builds Honduras
Helado,PriceSmart Honduras
Helados,"Paiz, Walmart Honduras"
Hemorroides/Varices,Farmacias Kielsa
Herméticos y Refractarios,"Walmart Honduras, Paiz"
Herrajes,Larach y Cia
Herramienta Amarre,Larach y Cia
Herramienta eléctrica,ACOSA
Herramienta manual,ACOSA
Herramienta Multipropositos,Larach y Cia
Herramienta para Enderezado,"Larach y Cia, Larach y Cia"
Herramienta para Jardineria,Larach y Cia
Herramienta para Mecanica,"Larach y Cia, Larach y Cia"
Herramientas,"Larach y Cia, Útiles de Honduras, Útiles de Honduras, Larach y Cia"
HERRAMIENTAS,Steren
Herramientas Agricolas,"Larach y Cia, Larach y Cia"
Herramientas Combinadas,Larach y Cia
Herramientas de arte y dibujo,ACOSA
Herramientas de Medicion,Larach y Cia
Herramientas de oficina,ACOSA
Herramientas de red,ACOSA
Herramientas eléctricas,PriceSmart Honduras
Herramientas Eléctricas,"Larach y Cia, Walmart Honduras"
Herramientas manuales,PriceSmart Honduras
Herramientas Manuales,"Paiz, Larach y Cia, Walmart Honduras"
Herramientas múltiples,PriceSmart Honduras
Herramientas Neumaticas,Larach y Cia
Herramientas para Electricidad,Larach y Cia
Herramientas para Fontaneria,"Larach y Cia, Larach y Cia"
Herramientas para Madera,Larach y Cia
Herramientas para Maquinado,Larach y Cia
Herramientas para proyectos,Steren
Herramientas para Proyectos,Steren
Herramientas para Redes,Larach y Cia
Herramientas para usar en exteriores,PriceSmart Honduras
Herramientas rotativas,PriceSmart Honduras
Hidratación,Diunsa
Hidratante,"Paiz, Walmart Honduras"
Hidrolavadoras,"Larach y Cia, PriceSmart Honduras"
Hielera,"Jetstereo, Diunsa"
Hieleras,"Paiz, Walmart Honduras, PriceSmart Honduras"
Hielo,"Paiz, Walmart Honduras"
HIELO,Comisariato Los Andes
Hielo Empacado,"Paiz, Walmart Honduras"
Hierba Medicinal-Organico,"Paiz, Walmart Honduras"
Hígado,Farmacias Kielsa
Higiene bucal,ACOSA
HIGIENE BUCAL,Comisariato Los Andes
Higiene bucal para niños,"Paiz, Walmart Honduras"
HIGIENE CORPORAL,Comisariato Los Andes
Higiene del hogar,"Paiz, Walmart Honduras"
Higiene femenina,"ACOSA, PriceSmart Honduras"
Higiene personal,"PriceSmart Honduras, ACOSA, ACOSA, ACOSA"
HIGIENE Y ACCESORIOS,Comisariato Los Andes
Higiene y Belleza,"Paiz, Walmart Honduras"
Higiene y Grooming,"Paiz, Walmart Honduras"
HIGIENE Y SALUD,"Comisariato Los Andes, Comisariato Los Andes, Comisariato Los Andes"
Hilo dental y artículos especializados,"Paiz, Walmart Honduras"
Hipertensión,Farmacias Kielsa
Hipotensión,Farmacias Kielsa
Hisopos y bolitas de Algodón,PriceSmart Honduras
Hockey,Diunsa
Hogar,"Larach y Cia, Farmacias Kielsa, PriceSmart Honduras, Diunsa, ACOSA"
Hogar Inteligente,Jetstereo
HOGAR Y COCINA,Comisariato Los Andes
Hogar y Decoración,Lady Lee
Hogazas de pan,PriceSmart Honduras
Hojas,"Útiles de Honduras, Útiles de Honduras"
Hojas para Folder,ACOSA
Hombre,Walmart Honduras
HONDURAS,Diunsa
Hongos Frescos,"Paiz, Walmart Honduras"
"Hongos, brócolis y espárragos","Paiz, Walmart Honduras"
Honor,Diunsa
HONOR,Walmart Honduras
Horizontales,Jetstereo
Hormonas,Farmacias Kielsa
Hornito Tostador,Jetstereo
Hornos,Jetstereo
Hornos de Microondas y Tostadores,Walmart Honduras
Hot Cakes y Wafles,"Walmart Honduras, Paiz"
Hot dogs,PriceSmart Honduras
HP,Diunsa
Hubs (concentrador) USB,Steren
Huevo,"Paiz, Walmart Honduras"
Huevos,PriceSmart Honduras
HUEVOS,Comisariato Los Andes
Hules,"Útiles de Honduras, Útiles de Honduras"
Humidificadores,PriceSmart Honduras
Humidificadores y deshumidificadores,PriceSmart Honduras
Humidificadores y Difusores de aromas,Steren
ICE CREAM,Comisariato Los Andes
Ideas,Diunsa
Iluminacion,ACOSA
Iluminación,"Jetstereo, ACOSA"
ILUMINACIÓN,Steren
Imanes,Larach y Cia
Impermeabilizantes,Larach y Cia
Impermeabilizantes y silicones,Walmart Honduras
Implementos y utensilios de cocina,Diunsa
Impresión de circuitos y accesorios,Steren
Impresoras,"Útiles de Honduras, Útiles de Honduras, Diunsa, ACOSA, PriceSmart Honduras"
Impresoras de Flujo Continuo,ACOSA
Impresoras de inyección de tinta,ACOSA
Impresoras Laser,ACOSA
Impresoras matricial,ACOSA
Impresoras punto de venta,ACOSA
Impresoras Punto de venta,ACOSA
Impresoras y Etiquetadoras,Larach y Cia
Impresoras y Tintas,Jetstereo
"Impresoras, Multifuncionales y Scanners",Walmart Honduras
In Ear,Jetstereo
Incontinencia,Farmacias Kielsa
Incontinencia urinaria,"Paiz, Walmart Honduras"
Index card,ACOSA
Infantil y Juvenil Libros,PriceSmart Honduras
Inflables Navidad,Walmart Honduras
Infladores de llantas,PriceSmart Honduras
Infladores y Accesorios,Larach y Cia
Infusiones y café,ACOSA
Inmovilizadores y férulas,Meyko
Inmovilizadores y Soporte,Farmacias Kielsa
"Inodoros, Lavabos y Pedestales",Larach y Cia
"Insecticidas ,Repelentes",Larach y Cia
Insecticidas y Trampas,"Paiz, Walmart Honduras"
Instrumental quirúrgico,Meyko
Instrumento de Dibujo,Útiles de Honduras
Instrumento Dibujo,Útiles de Honduras
Instrumentos de dibujo,"ACOSA, ACOSA"
Instrumentos musicales,ACOSA
Insumo y suministro,ACOSA
Intel,"PC Builds Honduras, PC Builds Honduras"
Interruptores,"Larach y Cia, Larach y Cia, Jetstereo"
Intex,Diunsa
Inversores de Potencia,Larach y Cia
Inversores para Auto,"Steren, Steren"
Invierte tu 14avo,Diunsa
Invitación y recuerdo,ACOSA
Invitación y regalos,ACOSA
IPad y Tablet,Walmart Honduras
Iphone,"ACOSA, ACOSA"
Isotónicas,Farmacias Kielsa
Jabón,PriceSmart Honduras
Jabón de Barra,"Paiz, Walmart Honduras"
Jabón de lavandería,"Paiz, Walmart Honduras"
Jabón líquido,"Paiz, Walmart Honduras"
Jabón y gel corporal,"Paiz, Walmart Honduras"
Jabones,Farmacias Kielsa
Jaleas y untables,PriceSmart Honduras
Jamón y Mortadela,"Paiz, Walmart Honduras"
Jamones,PriceSmart Honduras
JAMONES,Comisariato Los Andes
Jarabe de adulto,"Paiz, Walmart Honduras"
Jarabe niños,"Paiz, Walmart Honduras"
Jarabes para saborizar,PriceSmart Honduras
Jarabes y Expectorantes,"Paiz, Walmart Honduras"
Jarabes y Expectorantes niños,"Paiz, Walmart Honduras"
Jardín y Exteriores,Diunsa
JARDINERIA,Comisariato Los Andes
Jardinería,Larach y Cia
Jardinería y Exteriores,"Paiz, Walmart Honduras"
Jarras eléctricas,Diunsa
Jarros y botellas de agua para viajes,PriceSmart Honduras
Jaula,Larach y Cia
Jeans para hombres,PriceSmart Honduras
Jeans para mujeres,PriceSmart Honduras
Jeringas/Agujas,Farmacias Kielsa
Joyeria infantil,Walmart Honduras
Juego de mesa,ACOSA
Juegos de comedor,PriceSmart Honduras
Juegos de Desarmadores,Steren
Juegos de destornilladores,PriceSmart Honduras
Juegos de herramientas,PriceSmart Honduras
Juegos de imitación y roles,"Paiz, Walmart Honduras"
Juegos de mesa,"PriceSmart Honduras, PriceSmart Honduras"
"Juegos de mesa, cartas y rompecabezas","Paiz, Walmart Honduras"
Juegos de Salón,Útiles de Honduras
Juegos Educativos,Larach y Cia
Juegos familiares,"Paiz, Walmart Honduras"
Juegos para exteriores,PriceSmart Honduras
Juegos Salon,Útiles de Honduras
Jugo de Frutas,"Paiz, Walmart Honduras"
Jugo de Verduras,"Paiz, Walmart Honduras"
Jugos,PriceSmart Honduras
JUGOS,Comisariato Los Andes
Jugos y Bebidas,"Walmart Honduras, Paiz"
Jugos y Néctares,"Paiz, Walmart Honduras"
Jugos/Té,Farmacias Kielsa
Jugueras,PriceSmart Honduras
Juguete de bebe,ACOSA
Juguete de imaginación,ACOSA
Juguete educativo,ACOSA
Juguete electrónico,ACOSA
Juguete para exterior,ACOSA
Jugueteria,ACOSA
Juguetería,Diunsa
Juguetes,"Larach y Cia, Paiz, Walmart Honduras, Lady Lee"
JUGUETES,"Comisariato Los Andes, Comisariato Los Andes"
Juguetes de construcción y para armar,PriceSmart Honduras
Juguetes de gatos,"Paiz, Walmart Honduras"
Juguetes de perros,"Paiz, Walmart Honduras"
Juguetes educativos,"Walmart Honduras, PriceSmart Honduras, Paiz"
Juguetes Educativos,Diunsa
Juguetes exterior,"Paiz, Walmart Honduras"
Juguetes Montessori,"Paiz, Walmart Honduras"
Juguetes musicales,PriceSmart Honduras
Juguetes para actividades,PriceSmart Honduras
Juguetes para arena%2Fagua,PriceSmart Honduras
Juguetes para artes y manualidades,PriceSmart Honduras
Juguetes para bebé,Diunsa
Juguetes para bebe y estimulación temprana,"Paiz, Walmart Honduras"
Juguetes para bebes,"Paiz, Walmart Honduras"
Juguetes para exterior,"Paiz, Walmart Honduras"
Juguetes para exteriores,PriceSmart Honduras
Juguetes para gatos,PriceSmart Honduras
Juguetes para perros,PriceSmart Honduras
Juguetes y juegos,PriceSmart Honduras
Jumpers de fibra óptica,Steren
Karcher,Diunsa
KIELSA Promocionales,Farmacias Kielsa
KitchenAid,Diunsa
Kits de viaje,"Paiz, Paiz, Walmart Honduras, Walmart Honduras"
Kits Educativos,Steren
Kits Escolares,"Útiles de Honduras, Útiles de Honduras"
Kits para armar,Steren
Labiales y brillos,"Paiz, Walmart Honduras"
Labios,Farmacias Kielsa
LACTEOS,Comisariato Los Andes
Lácteos,"Paiz, Walmart Honduras"
Lacteos Derivados y Huevos,ACOSA
Lácteos y Huevos,PriceSmart Honduras
Laminado y suministros,ACOSA
Laminas Aglomeradas,Larach y Cia
Laminas En Esponja,Larach y Cia
Laminas Metalicas,Larach y Cia
Laminas Plasticas,Larach y Cia
Lámparas,"Larach y Cia, PriceSmart Honduras, Diunsa, Diunsa"
Lámparas con Lupa,"Steren, Steren"
Lamparas de Mesa,Larach y Cia
"Lamparas de techo, mesa y pared",Larach y Cia
"Lamparas de Techo, Mesa y Pared","Larach y Cia, Larach y Cia"
Lámparas y Linternas,"Steren, Steren"
Lámparas- Lluvia,Steren
Lapiceras,Larach y Cia
Lapiceros,"ACOSA, ACOSA"
Lapiceros y correctores,"Paiz, Walmart Honduras"
Lapices Color,Útiles de Honduras
Lápices de Color,Útiles de Honduras
Lapices y colores,Diunsa
Lápices y lapiceros,"Paiz, Walmart Honduras"
Lápices y Teclados,Jetstereo
Lapiz de color,ACOSA
Lapiz Grafito,Útiles de Honduras
Lápiz grafito,ACOSA
Lápiz Grafito,Útiles de Honduras
Lápiz grafito dibujo técnico,ACOSA
"Lapiz, Boligrafo y Plumas",Larach y Cia
Laptop,"Útiles de Honduras, Útiles de Honduras"
Laptops,"PC Builds Honduras, Walmart Honduras"
Laptops Gaming,Jetstereo
Laptops nuevas,ACOSA
Laptops remanufacturadas,ACOSA
Laptops y Computadoras de Escritorio,Jetstereo
LaTiendaDeLosCapitalinos,Diunsa
Lavadora,Diunsa
Lavadoras,Jetstereo
Lavadoras de ropa,PriceSmart Honduras
Lavadoras Front Load,Jetstereo
Lavadoras Top Load,Jetstereo
Lavadoras y Secadoras,Walmart Honduras
Lavamanos,Larach y Cia
Lavanderia,Larach y Cia
LAVANDERIA,Comisariato Los Andes
Lavaplatos,"Paiz, Jetstereo, Walmart Honduras"
Lavaplatos en polvo y en pasta,"Paiz, Walmart Honduras"
Lavaplatos líquido,"Paiz, Walmart Honduras"
Lavavajillas,PriceSmart Honduras
Laxantes y Fibra,"Paiz, Walmart Honduras"
Leche,"Paiz, Walmart Honduras, PriceSmart Honduras"
LECHE,Comisariato Los Andes
Leche de Soya,"Paiz, Walmart Honduras"
Leche Deslactosada,"Paiz, Walmart Honduras"
Leche Entera,"Walmart Honduras, Paiz"
Leche Especializada,"Walmart Honduras, Paiz"
LECHE NO LACTEA,Comisariato Los Andes
Leche Saborizada,"Paiz, Walmart Honduras"
Leche Semi y Descremada,"Paiz, Walmart Honduras"
Leches Infantiles,Farmacias Kielsa
Lechuga,"Paiz, Walmart Honduras"
"Lechugas, espinacas y hojas verdes","Paiz, Walmart Honduras"
Lectores de código de barras,Steren
Lectura,Farmacias Kielsa
Leggings para mujeres,PriceSmart Honduras
Lego,Diunsa
Leguminosas,"Walmart Honduras, Paiz"
Lentes,"Larach y Cia, Farmacias Kielsa"
Lentes &  lentilla (lente de contacto),PriceSmart Honduras
Lentes de sol,PriceSmart Honduras
Lentes para lectura,PriceSmart Honduras
LG,Diunsa
Libreria,Útiles de Honduras
Librería,Útiles de Honduras
Libretas,ACOSA
Libro de actividades,Útiles de Honduras
Libro De Actividades,Útiles de Honduras
Libros,PriceSmart Honduras
Libros Administrativos,Larach y Cia
Libros de colorear y actividades,"ACOSA, ACOSA"
Libros de lectura,ACOSA
Libros educativos,ACOSA
Libros Infantiles y Juveniles,Walmart Honduras
Libros y Revistas,Walmart Honduras
"Libros, Cuentos y Laminas Educativas",Larach y Cia
"Licencias ",Jetstereo
Licor,PriceSmart Honduras
"Licor, cerveza y vino",PriceSmart Honduras
Licores,"Paiz, Walmart Honduras"
LICORES,Comisariato Los Andes
LICORES POR CAJA,Comisariato Los Andes
Licuadora y procesadoras,Diunsa
Licuadoras,"Jetstereo, PriceSmart Honduras"
Licuadoras y batidoras,Walmart Honduras
Lienzos y superficies,ACOSA
Light y Sin Azúcar,"Paiz, Walmart Honduras"
Lightning,Jetstereo
Lijadoras,Larach y Cia
Lijas,"Larach y Cia, Larach y Cia, Larach y Cia"
Limas,Larach y Cia
Limón y cítricos,"Paiz, Walmart Honduras"
Limpiadores,"Larach y Cia, Larach y Cia, Larach y Cia, Steren"
"Limpiadores ",Larach y Cia
Limpiadores de Cocina,"Paiz, Walmart Honduras"
Limpiadores de vidrios,PriceSmart Honduras
Limpiadores Multiusos,"Paiz, Walmart Honduras"
Limpiadores para inodoro,PriceSmart Honduras
Limpiadores para la encimera,PriceSmart Honduras
Limpiadores para todo propósito,PriceSmart Honduras
Limpiadores y Desinfectantes,"Larach y Cia, Larach y Cia, Larach y Cia"
Limpieza,"Paiz, Larach y Cia, Farmacias Kielsa, Walmart Honduras, Diunsa"
Limpieza del hogar,"Paiz, Walmart Honduras"
Limpieza Del Hogar,ACOSA
Limpieza e higiene,Útiles de Honduras
Limpieza E Higiene,Útiles de Honduras
Limpieza y cuidado,"Paiz, Walmart Honduras"
Limpieza y Exteriores para Auto,"Paiz, Walmart Honduras"
Línea blanca,PriceSmart Honduras
Línea Blanca,"Walmart Honduras, Jetstereo, Lady Lee, Diunsa"
Línea de masajes,Steren
LÍNEA ESTUDIANTIL,Steren
Linternas,PriceSmart Honduras
Linternas y Accesorios,Larach y Cia
Liquidación,"ACOSA, Diunsa"
Líquido Concentrado,"Paiz, Walmart Honduras"
Líquidos,PC Builds Honduras
Lista Escolar,"Útiles de Honduras, Útiles de Honduras"
Listo para comer,PriceSmart Honduras
Llamadores y Perillas,Larach y Cia
Llantas,"Paiz, Walmart Honduras, PriceSmart Honduras"
Llaves de Impacto,Larach y Cia
Lo mejor de la temporada,Steren
Lociones y cremas,PriceSmart Honduras
Lonas protectoras,PriceSmart Honduras
Loncheras,"Útiles de Honduras, Larach y Cia, Útiles de Honduras, Diunsa, ACOSA"
Los Días Más Baratos del Mundial,Diunsa
Los más deseados,Steren
Loza y Cerámica,Larach y Cia
Lubricantes Íntimos,"Paiz, Walmart Honduras"
Luces Navidad,Walmart Honduras
Luces navideñas,PriceSmart Honduras
Luces para fiesta,"Steren, Steren"
Lupas,Larach y Cia
M.2,PC Builds Honduras
Macbooks,Jetstereo
Macetas,Walmart Honduras
Macetas y elementos para jardinería,PriceSmart Honduras
Maceteras,Larach y Cia
Maceteras y flores decorativas,Diunsa
Machetes,Larach y Cia
Maletas,"ACOSA, Diunsa"
Maletines,"Jetstereo, ACOSA"
"Maletines, Mochilas y Fundas",Larach y Cia
Mallas y Alambres,Larach y Cia
Mamelucos,Walmart Honduras
Mancuernas,Jetstereo
Manga y Cómics,Okashi HN
Mangueras,"PriceSmart Honduras, Diunsa"
Mangueras y Accesorios,"Larach y Cia, Larach y Cia, Larach y Cia"
Maní y otras semillas,"Paiz, Walmart Honduras"
Manicure y Pedicure,Farmacias Kielsa
Mantas,PriceSmart Honduras
Mantas y cobertores,PriceSmart Honduras
Manteca,"Walmart Honduras, Paiz"
"Mantel, Indivuales y Mantas",Larach y Cia
Manteles y Tapetes,Walmart Honduras
Mantequilla y margarina,PriceSmart Honduras
Mantequillas,"Paiz, Walmart Honduras"
Mantequillas y margarinas,"Paiz, Walmart Honduras"
Manualidades,"Larach y Cia, ACOSA, ACOSA, ACOSA"
Manzanas,"Paiz, Walmart Honduras"
Maquillaje y herramientas,ACOSA
Máquina de Helado,Jetstereo
Máquina para remar,PriceSmart Honduras
Máquinas con pesas,PriceSmart Honduras
Máquinas de coser,PriceSmart Honduras
Máquinas de costurar,Diunsa
Máquinas de ejercicio,Diunsa
Maquinas Estacionarias,Larach y Cia
Máquinas para Cortar el Cabello o Afeitar,PriceSmart Honduras
Máquinas para hacer palomitas de maíz,PriceSmart Honduras
Maquinas Portatiles,Larach y Cia
Marca ONNA,Diunsa
Marcador acrílico,ACOSA
Marcador de pizarra,ACOSA
Marcador permanente,ACOSA
Marcador Permanente,ACOSA
Marcadores,"Útiles de Honduras, Útiles de Honduras, PriceSmart Honduras"
Marcadores arte y diseño,ACOSA
Marcadores escolar,ACOSA
Marcadores Escolares,"Útiles de Honduras, Útiles de Honduras"
Marcadores y resaltadores,"Paiz, Walmart Honduras"
Marco Empotrable,Jetstereo
Marcos,Jetstereo
Margarinas,"Paiz, Walmart Honduras"
MARIO DAY,Diunsa
Mariscos,PriceSmart Honduras
MARISCOS,Comisariato Los Andes
Mariscos congelados,PriceSmart Honduras
Mariscos enlatados,PriceSmart Honduras
Mariscos y pescado,PriceSmart Honduras
Mariscos y Pescados,"Paiz, Walmart Honduras"
Marrón,"Walmart Honduras, Paiz"
Martillos y Almadanas,Larach y Cia
Más Quesos,"Paiz, Walmart Honduras"
Masaje y Relajación,Larach y Cia
Masajeadores,Diunsa
Masajeadores personales,PriceSmart Honduras
Masajes,Meyko
Mascota,"Walmart Honduras, Paiz"
Mascotas,"Larach y Cia, ACOSA, PriceSmart Honduras, ACOSA"
MASCOTAS,Comisariato Los Andes
Masilla y Adhesivos,Larach y Cia
Masking tape,ACOSA
Match en Pareja,Diunsa
Material de costura,Útiles de Honduras
Material De Costura,Útiles de Honduras
Material de publicidad y rotulación,ACOSA
Material Desechable,Farmacias Kielsa
Material Didactico,Útiles de Honduras
Material didáctico,ACOSA
Material Didáctico,Útiles de Honduras
Material Empaque Frutas,"Paiz, Walmart Honduras"
Material para manualidades,"Paiz, Walmart Honduras"
Materiales para Pintar,PriceSmart Honduras
Mayonesa,"Paiz, Walmart Honduras"
Medias para hombres,PriceSmart Honduras
Medias para mujeres,PriceSmart Honduras
Medias y calcetines,Meyko
Medicamentos,"Farmacias Kielsa, PriceSmart Honduras"
Medicina deportiva,Diunsa
Medidores,Larach y Cia
Medidores de Distancias,Larach y Cia
Medidores de Presion,Larach y Cia
Medidores de Presión,Larach y Cia
Megáfonos,Steren
Mejor en Diunsa,Diunsa
Memoria,"Paiz, Walmart Honduras"
Memoria micro sd 128gb,ACOSA
Memoria micro sd 32gb,ACOSA
Memoria micro sd 64gb con adaptador,ACOSA
Memoria usb 16gb,ACOSA
Memoria usb 32 gb negro/azul,ACOSA
Memoria usb 32gb,ACOSA
Memoria usb 64gb,ACOSA
Memorias,"Útiles de Honduras, Útiles de Honduras, Jetstereo"
Memorias micro sd,ACOSA
Memorias ram,ACOSA
Memorias RAM,PC Builds Honduras
Memorias usb,ACOSA
Memorias USB y SD,"Steren, Steren"
Menaje de Cristal y Vidrio,Diunsa
Menaje de Metal/Madera,Diunsa
Menaje de porcelana y cerámica,Diunsa
Menaje sala y comedor,Diunsa
Mermelada,"Paiz, Walmart Honduras"
Mermeladas y Miel,"Paiz, Walmart Honduras"
Mesa,Larach y Cia
Mesas de preparación para cocina,PriceSmart Honduras
Mesas para oficina,PriceSmart Honduras
Mesas para picnic,PriceSmart Honduras
Mesas y Espejos,Walmart Honduras
Mesas y Sillas,Diunsa
Mesitas de living y mesitas de café,PriceSmart Honduras
Metabolismo,Farmacias Kielsa
Metas deportivas,PriceSmart Honduras
"Mezcladoras,Moldes y Salpicadoras",Larach y Cia
MEZCLADORES,Comisariato Los Andes
Mezclas en polvo,PriceSmart Honduras
Mezclas para hornear,PriceSmart Honduras
Micas y Disipadores,Steren
Micro SD 256 GB,ACOSA
Micrófonos,"ACOSA, Steren"
Micrófonos y Cámaras,PC Builds Honduras
Microondas,"PriceSmart Honduras, Jetstereo, Diunsa"
Microsoft Office,Jetstereo
Miel,"Paiz, Walmart Honduras"
Minas,ACOSA
Minecraft,Diunsa
Mini figuras,"Paiz, Walmart Honduras"
Mini patinetas,Walmart Honduras
Mini split,Diunsa
Minibar,Jetstereo
Minifiguras,Diunsa
Minivegetales,"Paiz, Walmart Honduras"
Mixers,PriceSmart Honduras
Mobiliario,"Meyko, ACOSA, Diunsa"
Mobiliario para el patio,PriceSmart Honduras
Mochilas,"Útiles de Honduras, Paiz, Útiles de Honduras, ACOSA, Jetstereo, ACOSA, Walmart Honduras"
Mochilas y demas,ACOSA
Mochilas y fundas,ACOSA
Mochilas y lapiceras,Diunsa
Mochilas y maletines,PriceSmart Honduras
Mochilas y Maletines,Jetstereo
Moda y accesorios,PriceSmart Honduras
Moda y accesorios hombres,PriceSmart Honduras
Moda y accesorios infantiles,PriceSmart Honduras
Moda y accesorios mujer,PriceSmart Honduras
Modo Vacaciones,Steren
Módulos para proyectos,Steren
Molduras y Accesorios,"Larach y Cia, Larach y Cia"
Molidas,"Paiz, Walmart Honduras"
Molinillo de Café,Jetstereo
Molinos,Larach y Cia
Monitoreo de glucosa,Meyko
Monitores,"PC Builds Honduras, ACOSA, Jetstereo, Diunsa"
Monitores 4K y 5K,Jetstereo
Monitores BTS,Steren
Monitores de glucosa,PriceSmart Honduras
Monitores de tensión arterial,PriceSmart Honduras
Monitores gaming,ACOSA
Monitores Gaming,Jetstereo
Monitores para computadoras,PriceSmart Honduras
Monitores Ultra Wide,Jetstereo
"Montables, bicicletas y scooters","Paiz, Walmart Honduras"
MONTES,Comisariato Los Andes
Mostrador e impulso,ACOSA
Motores,Diunsa
Motores Acuáticos,Diunsa
Motores para proyectos,Steren
Motores y Generadores,Larach y Cia
Motorola,Diunsa
MOTOROLA,Walmart Honduras
Motos,"Walmart Honduras, Diunsa"
Motos para el Verano,Diunsa
Motosierras,PriceSmart Honduras
MotoTaxi,Diunsa
Mouse,"PC Builds Honduras, ACOSA, Jetstereo"
Mouse alambricos,ACOSA
Mouse Alámbricos,Jetstereo
Mouse BTS,Steren
Mouse gaming,ACOSA
Mouse Gaming,Jetstereo
Mouse Inalambricos,ACOSA
Mouse Inalámbricos,Jetstereo
Mouse Pads,ACOSA
Mouse Teclados y Controles,Steren
Mouse y Teclados,Steren
Mousepads,"PC Builds Honduras, Jetstereo"
Movilidad y rehabilitación,Meyko
Muebles,PriceSmart Honduras
Muebles de Jardín,"Paiz, Walmart Honduras"
Muebles de oficina,PriceSmart Honduras
Muebles Exterior,"Larach y Cia, Larach y Cia"
Muebles para Baño,"Larach y Cia, Larach y Cia"
Muebles para Bar,Walmart Honduras
Muebles para Cocina,Diunsa
Muebles para comedor,Diunsa
Muebles para el dormitorio,PriceSmart Honduras
Muebles para jardin,Diunsa
Muebles para Jardin,Larach y Cia
Muebles para Mascotas,PriceSmart Honduras
Muebles para niños,PriceSmart Honduras
Muebles para Niños,Walmart Honduras
Muebles para Oficina,Larach y Cia
Muebles para sala,"Diunsa, PriceSmart Honduras"
Muebles y Camas,Lady Lee
Muffins,PriceSmart Honduras
Mujer,Walmart Honduras
Multicontactos BTS,Steren
Multifuncionales,Jetstereo
Multiherramientas,Larach y Cia
Multímetros,Steren
Multivitaminas,Farmacias Kielsa
Multivitamínicos Adulto,"Paiz, Walmart Honduras"
Multivitamínicos y Capsulas Niños,"Paiz, Walmart Honduras"
Mundial,"Diunsa, Diunsa"
Mundo bebé,Diunsa
Mundo de Bebé,Farmacias Kielsa
Muñecas,"Paiz, Walmart Honduras"
Muñecos bebés,"Paiz, Walmart Honduras"
Muñecos de peluche,PriceSmart Honduras
Muñecos y figuras de acción,PriceSmart Honduras
Musculación,Diunsa
Musculos/Articulaciones/Hueso,"Farmacias Kielsa, Farmacias Kielsa"
"Naranja, Limón y cítricos","Paiz, Walmart Honduras"
Naranjas,"Paiz, Walmart Honduras"
Natación,"Walmart Honduras, Walmart Honduras, Diunsa"
Nauseas y vómito,"Paiz, Walmart Honduras"
Navajas y Cuchillos,"Larach y Cia, Larach y Cia"
Navidad,Larach y Cia
Nebulizadores,"Farmacias Kielsa, Walmart Honduras, PriceSmart Honduras"
Nebulizadores y succionadores,Meyko
Néctar,"Paiz, Walmart Honduras"
"Nevera, Hieleras y Termos",Larach y Cia
Niñas,Diunsa
Ninjago,Diunsa
Niños,"Paiz, Diunsa, Walmart Honduras"
Nintendo,"Game Station, Jetstereo"
NO ALIMENTOS,Comisariato Los Andes
No Break-Lluvia,Steren
NO PERECEDEROS,Comisariato Los Andes
Notas adhesivas,ACOSA
Notas Adhesivas,"Útiles de Honduras, Útiles de Honduras"
Nueces y Almendras,"Paiz, Walmart Honduras"
Nueces y semillas,PriceSmart Honduras
NUEVO,Steren
Nuevos,ACOSA
Nutrición,"Farmacias Kielsa, Farmacias Kielsa"
Nutrición Deportiva,"Paiz, Walmart Honduras"
o carga,Steren
Ofertas Calientes,Diunsa
Ofertas Televisores,Diunsa
Ofertas Verano,Diunsa
Oficina,"Útiles de Honduras, Útiles de Honduras, PriceSmart Honduras, ACOSA"
Oftalmológicos,Farmacias Kielsa
Ollas arroceras y de cocción,Diunsa
Ollas de Presión,Jetstereo
Ollas para cocinar arroz,PriceSmart Honduras
Ollas y cacerolas,Diunsa
Ollas y Frideras,Larach y Cia
"Ollas, Baterías y Sartenes","Paiz, Walmart Honduras"
Omega 3,"Paiz, Walmart Honduras"
On Ear,Jetstereo
Oncológicos,"Farmacias Kielsa, Farmacias Kielsa"
Ondulador de Cabello,Jetstereo
One Piece TCG,Okashi HN
One Piece TCG · Accesorios,Okashi HN
One Piece TCG · Booster Box (JP),Okashi HN
One Piece TCG · Starter Decks,Okashi HN
One Piece TCG · Tins,Okashi HN
Onesies para bebés y niños pequeños,PriceSmart Honduras
ONNA,Diunsa
Open Ear,Jetstereo
Óptica,PriceSmart Honduras
Optoelectrónica,"Steren, Steren"
Organización,ACOSA
Organización de Cocina,Walmart Honduras
Organización del hogar,PriceSmart Honduras
Organización para el garage,PriceSmart Honduras
Organización y Almacenamiento,"Paiz, Walmart Honduras"
Organizador escolar,ACOSA
Organizador escritorio,ACOSA
Organizador y almacenamiento,ACOSA
Organizadores,Diunsa
Organizadores de armarios,PriceSmart Honduras
Organizadores de Cables,"Steren, Steren, Steren"
Organizadores de escritorio,PriceSmart Honduras
Organizadores de lápices,Walmart Honduras
Organizadores para Vehículo,Jetstereo
Orilladora y Cortagrama,Larach y Cia
Ortopedia,Meyko
Ostomía,Meyko
Óticos,Farmacias Kielsa
Oto-oftalmoscopio,Meyko
Otomanos,PriceSmart Honduras
OTRAS CARNES,Comisariato Los Andes
Otras mascotas,"Paiz, Walmart Honduras"
Otros,"Larach y Cia, Farmacias Kielsa"
OTROS,Comisariato Los Andes
Otros deportes,Diunsa
Otros desechables,ACOSA
Otros Juegos y Accesorios,Walmart Honduras
Otros licores,PriceSmart Honduras
OUTLET,Steren
Over Ear,Jetstereo
"Overoles,Capotes",Larach y Cia
Oxigeno,Meyko
Padel,Diunsa
Pajillas,Larach y Cia
Palas,Larach y Cia
Palillos y Pajillas,"Paiz, Walmart Honduras"
Palomitas,"Paiz, Walmart Honduras"
Palomitas de maíz,PriceSmart Honduras
Palos para selfies,PriceSmart Honduras
Pan de maíz,PriceSmart Honduras
Pan de sandwich,PriceSmart Honduras
Pan Dulce,"Paiz, Walmart Honduras"
Pan Europeo y Rústico,"Paiz, Walmart Honduras"
Pan Hamburguesa,ACOSA
Pan Hot Dog,ACOSA
Pan molde,ACOSA
Pan pita,PriceSmart Honduras
Pan Salado,"Paiz, Walmart Honduras"
Pan tostado,PriceSmart Honduras
Pan Tostado,"Paiz, ACOSA, Walmart Honduras"
Pan y Tortillas Empacados,"Paiz, Walmart Honduras"
Panaderia Y Reposteria,ACOSA
PANADERIA Y REPOSTERIA,Comisariato Los Andes
Panadería y repostería,PriceSmart Honduras
Panaderia y Tortillas,Larach y Cia
Panadería y tortillería,"Paiz, Walmart Honduras"
Pañaleras,PriceSmart Honduras
Pañaleros,Walmart Honduras
Pañales,"Walmart Honduras, Paiz, Farmacias Kielsa, Farmacias Kielsa, PriceSmart Honduras"
Pañales - Etapa 2,"Paiz, Walmart Honduras"
Pañales - Etapa 3,"Paiz, Walmart Honduras"
Pañales - Etapa 4,"Paiz, Walmart Honduras"
Pañales - Etapa 5,"Walmart Honduras, Paiz"
Pañales - Etapa 6,"Paiz, Walmart Honduras"
Pañales - Etapa 7,"Paiz, Walmart Honduras"
PAÑALES DE ADULTO,Comisariato Los Andes
PAÑALES DE NIÑOS,Comisariato Los Andes
Pañales para adultos,PriceSmart Honduras
Pañales Recién Nacido y Etapa 1,"Paiz, Walmart Honduras"
"Panecillos, rollos y pan estilo francés",PriceSmart Honduras
Paneles Solares,Jetstereo
Panes para hamburguesas y para hot-dogs,PriceSmart Honduras
Panes y tortillas,PriceSmart Honduras
Paños de entrenamiento,PriceSmart Honduras
Pantallas,"Jetstereo, Walmart Honduras"
Pantalones para hombres,PriceSmart Honduras
Pantalones para mujeres,PriceSmart Honduras
Pantuflas para hombre,PriceSmart Honduras
Pañuelos desechables,"Paiz, Walmart Honduras"
Pañuelos faciales,PriceSmart Honduras
Papas Congeladas,"Paiz, Walmart Honduras"
Papas Enteras,"Paiz, Walmart Honduras"
Papas fritas,PriceSmart Honduras
Papas y frituras,"Paiz, Walmart Honduras"
Papayas y tropicales,"Paiz, Walmart Honduras"
Papel,"ACOSA, ACOSA"
Papel aluminio y adherente,"Paiz, Walmart Honduras"
Papel Arte y Diseño,ACOSA
Papel bond,ACOSA
Papel Bond,"Útiles de Honduras, Útiles de Honduras"
Papel Celofan,ACOSA
Papel china (seda),ACOSA
Papel Construccion,ACOSA
Papel Crepe,ACOSA
Papel de regalo,ACOSA
Papel en Rollo,Útiles de Honduras
Papel Forma Continua,ACOSA
Papel Foto,ACOSA
Papel Fotografico,Larach y Cia
PAPEL HIGIENICO,Comisariato Los Andes
Papel higiénico,PriceSmart Honduras
Papel Higiénico,"Paiz, Walmart Honduras"
Papel Higiénico Húmedo,"Paiz, Walmart Honduras"
Papel Higienico y Papel Toalla,Larach y Cia
Papel Impresora y Rollos,ACOSA
Papel Iris,ACOSA
Papel Lustre,ACOSA
Papel para envolver,PriceSmart Honduras
Papel para fotocopiadoras e impresoras,PriceSmart Honduras
Papel para Manualidades,Larach y Cia
Papel para oficina,PriceSmart Honduras
Papel Plotter,ACOSA
Papel Rollo,Útiles de Honduras
Papel Tapiz,ACOSA
Papel térmico,ACOSA
Papel y forros,"Paiz, Walmart Honduras"
"Papel, Cartulina y Carton",Larach y Cia
Papeleria,Larach y Cia
Papelería,"Walmart Honduras, Diunsa, Paiz"
Papeles,"Útiles de Honduras, Útiles de Honduras"
Papeles Especiales,"Útiles de Honduras, Útiles de Honduras, ACOSA"
Para Contar,Larach y Cia
Para El,Jetstereo
Para el Hogar,Jetstereo
Para Ella,Jetstereo
Para Empaque,Larach y Cia
Para Fijacion,Larach y Cia
Para Hot Cakes,"Walmart Honduras, Paiz"
Para la Cocina,Jetstereo
Para la Sangre,Farmacias Kielsa
Parlante Amplificado,Steren
Parlantes,"Steren, Steren, ACOSA, Steren"
Parlantes Bluetooth,Jetstereo
Parlantes gaming,ACOSA
Parlantes Inteligentes,Jetstereo
Parlantes Portátiles,Jetstereo
Parlantes WiFi,Jetstereo
Parlantes y Altoparlantes Pasivas,Steren
Parlantes y Audifonos,Larach y Cia
Parlantes y Audífonos,Steren
Parlantes y equipo de sonido,PriceSmart Honduras
Parlantes y Trompetas Pasivas,Steren
Parrillas,"Paiz, PriceSmart Honduras, Walmart Honduras"
Parrillas para barbacoa,PriceSmart Honduras
Partes para Soldadores,Larach y Cia
Partes y Repuestos,"Larach y Cia, Larach y Cia"
Paseo,Diunsa
Pasta,PriceSmart Honduras
Pasta dental,"Paiz, PriceSmart Honduras, Walmart Honduras"
Pasta Especial,"Paiz, Walmart Honduras"
Pasta y Sopa Instantánea,"Walmart Honduras, Paiz"
Pastas,"Paiz, Walmart Honduras, ACOSA"
Pastas para Soldar,Larach y Cia
Pasteles,PriceSmart Honduras
"Pasteles, Tartas y Pays","Paiz, Walmart Honduras"
Pastelitos y gelatina,PriceSmart Honduras
Pastillas y capsulas niños,"Paiz, Walmart Honduras"
Pastillas y capsulas para la garganta,"Paiz, Walmart Honduras"
Pastoreo y Especializado,"Walmart Honduras, Paiz"
Patines,Walmart Honduras
Patio y Jardin,ACOSA
Pavo,PriceSmart Honduras
Pay y Pasteles,"Paiz, Walmart Honduras"
PC Completas,PC Builds Honduras
PCB Marketplace,PC Builds Honduras
Pechuga,"Paiz, Walmart Honduras"
Pegamento Blanco,ACOSA
Pegamento escarchado,ACOSA
Pegamento industrial,Útiles de Honduras
Pegamento Industrial,Útiles de Honduras
Pegamento liquido,ACOSA
Pegamentos,"Paiz, Walmart Honduras"
Pegamentos y Adhesivos,ACOSA
Peladores de Naranjas,Larach y Cia
"Películas, música y libros",PriceSmart Honduras
Pelotas deportivas,PriceSmart Honduras
Peluches,"Paiz, Walmart Honduras"
Peluches Navidad,"Paiz, Walmart Honduras"
Peluches y Muñecas,"Paiz, Walmart Honduras"
Pepinillos,PriceSmart Honduras
Pepinos Enteros,"Paiz, Walmart Honduras"
Pequeño Electro,Diunsa
Peras,"Paiz, Walmart Honduras"
Perchas,PriceSmart Honduras
Percoladora y cafetera,Diunsa
PERECEDEROS,Comisariato Los Andes
Perejil Fresco,"Paiz, Walmart Honduras"
Perfiles Metalicos y Estructurales,Larach y Cia
Perforadoras,"Útiles de Honduras, Útiles de Honduras"
Periférico y accesorios,ACOSA
Periféricos,"PC Builds Honduras, Jetstereo"
Periféricos Gaming,Jetstereo
Pernos y Tuercas,Larach y Cia
Perros,"Paiz, Walmart Honduras"
PERROS,Comisariato Los Andes
Personajes,"Paiz, Walmart Honduras"
Pesas,Jetstereo
Pesas libres,PriceSmart Honduras
Pescado,PriceSmart Honduras
Pescado Entero,"Paiz, Walmart Honduras"
Piedras para Afilar,"Larach y Cia, Larach y Cia"
Piedras sanitarias,PriceSmart Honduras
Piezas de equipaje,PriceSmart Honduras
Pijamas para bebé,Walmart Honduras
Pijamas para hombres,PriceSmart Honduras
Pijamas para mujeres,PriceSmart Honduras
Pijamas para niños,PriceSmart Honduras
Pijamas y Lenceria Mujer,Walmart Honduras
Pilas,Larach y Cia
Pilas y baterías,"Paiz, Walmart Honduras"
Pilas y Cargadores,"Larach y Cia, Steren"
Piletas de cocina,PriceSmart Honduras
Piletas y Lavatrastos,Larach y Cia
Pinceles,"Útiles de Honduras, Útiles de Honduras"
Ping Pong,Diunsa
Pintar y Limpieza,"Larach y Cia, Larach y Cia"
Pintura,"Paiz, Walmart Honduras"
Pintura en spray,ACOSA
Pintura escolar,"ACOSA, ACOSA"
Pinturas,"Útiles de Honduras, Útiles de Honduras, Larach y Cia"
Pinturas escolares,Útiles de Honduras
Pinturas Escolares,Útiles de Honduras
Pinturas y acuarelas,Diunsa
Pinturas y Aerosoles,"Paiz, Walmart Honduras"
Pinturas y oleos,"ACOSA, ACOSA"
"Pinturas, Diluyentes y Otros","Larach y Cia, Larach y Cia"
Pinzas Caimanes,"Steren, Steren"
Pinzas y Ponchadoras,Steren
Piscinas,PriceSmart Honduras
Piscinas familiares,Walmart Honduras
Piscinas para niños,Walmart Honduras
Piscinas y Accesorios,Diunsa
Piso para gimnasios,PriceSmart Honduras
Pistas y trenes,"Paiz, Walmart Honduras"
Pistola para Enmasillar,Larach y Cia
Pistola Silicon,Larach y Cia
Pistolas de Calor,Larach y Cia
Pistolas para pintar,PriceSmart Honduras
Pistolas para Pintar,Larach y Cia
Pizarras,"Larach y Cia, ACOSA"
Pizarras y marcadores de pizarra,"Paiz, Walmart Honduras"
Pizzeras,Jetstereo
Placas,Larach y Cia
Placas de Programación y Desarrollo,Steren
Placas Fenólicas y accesorios de C.I.,Steren
Placas Madre,PC Builds Honduras
Placas para Soporte,Larach y Cia
Placas y accesorios para proyectos,Steren
Placas y Tomas Telefónicas,Steren
Plancha de Cabello,Jetstereo
Plancha de cabello y Rizadoras,Diunsa
Plancha de ropa,Diunsa
Planchador,Larach y Cia
Planchas de cocina,PriceSmart Honduras
Planchas de Cocina,Jetstereo
Planchas de Ropa,Jetstereo
Planchas de Vapor,Walmart Honduras
Planchas y planchas a vapor,PriceSmart Honduras
Plantas artificiales,PriceSmart Honduras
Plantas Artificiales,Larach y Cia
Plantillas,Walmart Honduras
Plasticina,"Paiz, Walmart Honduras"
Plasticinas y Tizas,Larach y Cia
Plasticos,"Larach y Cia, Larach y Cia"
Plasticos Pigmentados,Larach y Cia
Plastilina,"Útiles de Honduras, Útiles de Honduras"
Plastilinas y masas,ACOSA
Platos,"Paiz, Walmart Honduras"
Platos desechables,ACOSA
Platos y bowls descartables,PriceSmart Honduras
"Platos, vasos y cubiertos para niños","Paiz, Walmart Honduras"
Playstation,"Game Station, Jetstereo"
Plotter,ACOSA
Pokémon TCG,Okashi HN
Pokémon TCG · Accesorios,Okashi HN
Pokémon TCG · Mega Evolution,Okashi HN
Pokémon TCG · Premium Collection,Okashi HN
Pokémon TCG · Scarlet & Violet,Okashi HN
Pokémon TCG · Special Collection,Okashi HN
Pokémon TCG · Tins & Mini Tins,Okashi HN
Pokémon TCG · Ultra Premium Collection,Okashi HN
Pollo,PriceSmart Honduras
POLLO,Comisariato Los Andes
"Pollo entero, medio y pavo","Paiz, Walmart Honduras"
Pollo y Pavo,"Paiz, Walmart Honduras"
Polvo y Líquidos Concentrados,"Paiz, Walmart Honduras"
Polvos compactos,"Paiz, Walmart Honduras"
Porcelanato,Larach y Cia
Portafolios y carpetas,Útiles de Honduras
Portafolios Y Carpetas,Útiles de Honduras
Portafolios y folder,ACOSA
Portalamparas,Larach y Cia
Portalapiz,Útiles de Honduras
Portalápiz,Útiles de Honduras
Portaminas,"Útiles de Honduras, Útiles de Honduras, ACOSA"
Portaretratos,Walmart Honduras
Portátil,Jetstereo
Porteros y Seguridad Residencial,Larach y Cia
"Postas, Lomos y Molida de Cerdo","Paiz, Walmart Honduras"
Postes y Rejas,Larach y Cia
Postres Congelados,"Paiz, Walmart Honduras"
Potenciometros y Resistencias,Steren
Potenciómetros y Resistencias,Steren
Power Bank,Steren
Power Banks,"Steren, Steren"
Powerbanks,Jetstereo
Precios de Remate,Diunsa
Prenatal,"Paiz, Walmart Honduras"
Prensas,Larach y Cia
Prensas de Ropa y Tendederos,"Paiz, Walmart Honduras"
Preservantes y Colorantes,Larach y Cia
Preservativos,"Paiz, Walmart Honduras"
Prevención e higiene,ACOSA
Primeros auxilios,"Meyko, PriceSmart Honduras"
Primeros Auxilios,"Paiz, Larach y Cia, Farmacias Kielsa, Walmart Honduras"
Probador de Corriente,Larach y Cia
Procesadores,PC Builds Honduras
Procesadores de alimentos,PriceSmart Honduras
Procesadores de Alimentos,Jetstereo
Producto Didactico,"Útiles de Honduras, Útiles de Honduras"
Productos cosmeticos,ACOSA
Productos de Dieta,Farmacias Kielsa
Productos de limpieza,"PriceSmart Honduras, PriceSmart Honduras"
Productos de papelería para el hogar,PriceSmart Honduras
Productos de temporada,PriceSmart Honduras
Productos en Camino,PC Builds Honduras
Productos Naturales,Farmacias Kielsa
Productos para Diabético,Farmacias Kielsa
Productos Vegetales y Veganos,"Paiz, Walmart Honduras"
Programas Software,Larach y Cia
Promocionales,Farmacias Kielsa
Promociones Exclusivas,Diunsa
Protecccion Personal,Larach y Cia
Protección Femenina,Farmacias Kielsa
Protección personal,"ACOSA, Meyko"
Protección Personal,Larach y Cia
Protección Sexual,Farmacias Kielsa
Protección Solar,Farmacias Kielsa
Protección Visual,Jetstereo
Protección y respaldo,"ACOSA, ACOSA"
Protector de Voltaje,"Larach y Cia, Larach y Cia"
Protectores de Corriente,Jetstereo
Protectores de sobretensión,PriceSmart Honduras
Protectores de voltaje,Diunsa
Protectores para Electrodomésticos,"Steren, Steren"
Protectores para Piso,Larach y Cia
Protectores y Sábanas,Walmart Honduras
Protectores y supresores de picos,ACOSA
Protege,Steren
Proteínas y Creatina,"Paiz, Walmart Honduras"
Protoboards,Steren
Protoboards y accesorios de prueba,Steren
Proyectores,"Jetstereo, PriceSmart Honduras, Steren, Jetstereo, ACOSA"
PROYECTOS DE ELECTRÓNICA,Steren
Pruebas de Diagnóstico,Farmacias Kielsa
Pruebas de Embarazo,"Paiz, Walmart Honduras"
"Puertas, Ventanas y Contramarcos",Larach y Cia
Punto de Venta (POS),ACOSA
Punzones,Larach y Cia
Pure instantáneo,"Paiz, Walmart Honduras"
Purificadores de Agua,Jetstereo
Que la lluvia no te apague,Steren
Queso,"Paiz, Walmart Honduras"
QUESO,Comisariato Los Andes
Queso Americano,"Paiz, Walmart Honduras"
Queso crema,PriceSmart Honduras
Queso Crema,"Walmart Honduras, Paiz"
Queso Fresco,"Paiz, Walmart Honduras"
Queso Mozzarella,"Paiz, Walmart Honduras"
Quesos,PriceSmart Honduras
Quincena del Ahorro,Diunsa
Quirurgicos,Farmacias Kielsa
Quitamanchas liquido,"Paiz, Walmart Honduras"
Quitamanchas para ropa,"Paiz, Walmart Honduras"
Quitamanchas y Aditivos,PriceSmart Honduras
Radios,ACOSA
Radios de dos vías,PriceSmart Honduras
Radios Intercomunicador Profesional,Steren
Rastreadores,Steren
Rastrillo,Larach y Cia
Rca,ACOSA
READY TO GO,Comisariato Los Andes
"Rebajadora, Router",Larach y Cia
Rebajon Total,Diunsa
Receptores y transmisores de audio inalámbrico,"Steren, Steren"
Receptores y Transmisores de audio inalámbrico,Steren
Recipientes,"Larach y Cia, Larach y Cia, Larach y Cia"
Recipientes para comida,PriceSmart Honduras
Recipientes para conservación de alimentos,Diunsa
Recipientes para hornear,Diunsa
Recipientes para servicio de alimentos,PriceSmart Honduras
Recipientes y Embudos,Larach y Cia
Recolectores,Farmacias Kielsa
Recortadoras de Cabello,Jetstereo
Rectificadora,Larach y Cia
Red Days,"Útiles de Honduras, Útiles de Honduras"
Red e infraestructura,ACOSA
Refacciones,Larach y Cia
Reflectores,Larach y Cia
Reflectores LED,Steren
Refrigeración,PC Builds Honduras
Refrigeración Aire,PC Builds Honduras
Refrigeración Líquida,PC Builds Honduras
Refrigeradoras,"Jetstereo, Diunsa"
Refrigeradores,PriceSmart Honduras
Refrigeradores y Congeladores,Walmart Honduras
Refrigerados y congelados,ACOSA
Regalos,"Útiles de Honduras, Útiles de Honduras"
Reglas y juegos de geometría,"Paiz, Walmart Honduras"
Regletas,Steren
Regulador de voltaje,PriceSmart Honduras
Reguladores de voltaje,ACOSA
Reguladores de voltaje y No Breaks,Steren
Reguladores de voltaje y UPS,"Steren, Steren"
Reguladores y No Breaks,"Steren, Steren"
Regular,"Paiz, Walmart Honduras"
Rejilla,"Larach y Cia, Larach y Cia"
Reloj Inteligente,Diunsa
Relojes,"Steren, PriceSmart Honduras, Jetstereo"
Relojes de Mesa y Pared,Larach y Cia
Relojes Digitales,Steren
Relojes Inteligentes,Jetstereo
Relojes inteligentes y para ejercicio,PriceSmart Honduras
Relojes y Bandas Inteligentes,ACOSA
Remachadoras y Remaches,Larach y Cia
Remanufacturados,ACOSA
Remedios Populares,"Farmacias Kielsa, Farmacias Kielsa"
Remolques y Sujetadores,Larach y Cia
Remos,Jetstereo
Renal Urinario,"Farmacias Kielsa, Farmacias Kielsa"
Renueva tu Hogar,Diunsa
Repelentes,Farmacias Kielsa
Repelentes de insectos,PriceSmart Honduras
Repetidores,ACOSA
Repetidores BTS,Steren
Repetidores WiFi,Steren
Reposteria,Larach y Cia
Repostería,"Paiz, Walmart Honduras, PriceSmart Honduras"
Repostería y pastelería,ACOSA
Repostería y Pastelería,"Paiz, Walmart Honduras"
Repuesto de bolígrafos,ACOSA
Repuesto para equipo,ACOSA
Repuesto para Estufa,Larach y Cia
Repuesto para Ventana,Larach y Cia
Repuestos,Larach y Cia
Repuestos para Estufa,Larach y Cia
Repuestos para Inodoro,Larach y Cia
Repuestos para Lampara,Larach y Cia
Repuestos para Licuadoras,Larach y Cia
Repuestos para Molinos,Larach y Cia
Repuestos para Valvulas,Larach y Cia
Repuestos y mantenimiento,ACOSA
Res,"Paiz, Walmart Honduras"
"RES  ",Comisariato Los Andes
Resaltadores,ACOSA
Reservorios y Bombas,PC Builds Honduras
Resistencias Electricas,Larach y Cia
Resortes,Larach y Cia
Respaldo de Energía,Útiles de Honduras
Respaldo Energético,Jetstereo
Respaldo Energia,Útiles de Honduras
Respaldo- Lluvias,Steren
Rieles Rodos y Colgadores,Larach y Cia
Risador,Jetstereo
Rociadores y Aspersores,Larach y Cia
Rompecabezas,"Walmart Honduras, PriceSmart Honduras"
Rompecabezas y juegos,PriceSmart Honduras
Ron,"Paiz, PriceSmart Honduras, Walmart Honduras"
Ropa de cama,PriceSmart Honduras
Ropa de fútbol,Diunsa
Ropa de hombre,Diunsa
Ropa de mujer,Diunsa
Ropa de niñas,Walmart Honduras
Ropa de niños,Walmart Honduras
Ropa Deportiva,Diunsa
Ropa Deportiva para Hombre,Walmart Honduras
Ropa Deportiva para Mujer,Walmart Honduras
Ropa interior para bebé,Walmart Honduras
Ropa interior para Hombre,Walmart Honduras
Ropa interior para hombres,PriceSmart Honduras
Ropa interior para mujeres,PriceSmart Honduras
Ropa Interior y Pijamas de Niñas,Walmart Honduras
Ropa Interior y Pijamas de Niños,Walmart Honduras
Ropa para bebé,Walmart Honduras
Ropa para Embarazadas,Walmart Honduras
Ropa para Hombre,Walmart Honduras
Ropa para Mujer,Walmart Honduras
Ropa Para Niñas,Walmart Honduras
Ropa Para Niños,Walmart Honduras
Ropa y calzado,ACOSA
Ropa y Zapatería,Walmart Honduras
Rotulación,ACOSA
Rotuladores,PriceSmart Honduras
Rotulos,Larach y Cia
Routers,"Jetstereo, ACOSA, ACOSA"
Routers y Repetidores Wi-Fi,Steren
Routers y WIFI,Jetstereo
Rubores y Bronceadores,"Paiz, Walmart Honduras"
Ruedas y Rodos,Larach y Cia
Sábanas,PriceSmart Honduras
Sabor Cola,"Paiz, Walmart Honduras"
Sabores Varios,"Paiz, Walmart Honduras"
Saborizantes Artificiales,"Paiz, Walmart Honduras"
"Sacapunta,Borradores",Larach y Cia
Sacapuntas,"Útiles de Honduras, Útiles de Honduras, ACOSA"
Sal y Condimentos,"Paiz, Walmart Honduras"
Salados,"ACOSA, ACOSA"
Salas,Walmart Honduras
Salas y Centro de entretenimiento,Walmart Honduras
Salchichas,PriceSmart Honduras
Salchichas y Salchichón,"Paiz, Walmart Honduras"
Salpicadoras,Larach y Cia
Salsa de Soya y Teriyaki,"Paiz, Walmart Honduras"
Salsa para Pasta y Pizza,"Paiz, Walmart Honduras"
Salsa Picante,"Paiz, Walmart Honduras"
"Salsa, Aderezos y Vinagre","Paiz, Walmart Honduras"
Salsas,"PriceSmart Honduras, ACOSA"
Salsas Aderezos y Topings,Larach y Cia
Salsas para Sazonar,"Paiz, Walmart Honduras"
SALSAS Y ADEREZOS,Comisariato Los Andes
Salsas y untables,PriceSmart Honduras
Salud Sexual y Reproductiva,"Paiz, Walmart Honduras"
Salud y Antiparasitarios,"Paiz, Walmart Honduras"
Salud y belleza,PriceSmart Honduras
Salud y Belleza,Farmacias Kielsa
Samsung,Diunsa
SAMSUNG,Walmart Honduras
Samsung dAIs,Diunsa
Samsung TVs,Diunsa
Sandwicheras,Jetstereo
Sandwicheras y Wafleras,Walmart Honduras
Sanitización y limpieza,Steren
Sartenes Eléctricos,Walmart Honduras
Sazonadores,"Paiz, Walmart Honduras"
Scooter y bicicletas eléctricas,PriceSmart Honduras
Secadora de Cabello,Jetstereo
Secadoras,"Jetstereo, Diunsa, Diunsa"
Secadoras de ropa,PriceSmart Honduras
Secadoras Front Load,Jetstereo
Secadores,Larach y Cia
Secadores de cabello,PriceSmart Honduras
Secretarial,ACOSA
Seguridad,ACOSA
Seguridad en el baño,Meyko
Seguridad Inteligente 26,Steren
Seguridad y mantenimiento,ACOSA
Seguridad y vigilancia,PriceSmart Honduras
Seguros y Chavetas,Larach y Cia
Selección Honduras,Diunsa
"Sellador,Silicon y Masilla","Larach y Cia, Larach y Cia, Larach y Cia"
Selladora,Larach y Cia
"Sellos, Fechadores y Almohadillas",Larach y Cia
Semana del Bebé,Diunsa
Semillas,"Paiz, Larach y Cia, Walmart Honduras"
Semillas y fertilizantes,Walmart Honduras
Señalizacion,Larach y Cia
Sensores para proyectos,Steren
Separadores,Larach y Cia
"Serchas,Tabla Planchar y Cobertores","Paiz, Walmart Honduras"
Series LED,Steren
"Series LED, Tiras LED y Accesorios",Steren
Servilletas,"Paiz, Walmart Honduras, PriceSmart Honduras"
Servilletas desechables y papel toalla,ACOSA
SERVILLETAS Y PAPEL TOALLA,Comisariato Los Andes
Set de equipaje,PriceSmart Honduras
Sets de construcción,"Paiz, Walmart Honduras"
Shampoo,"Paiz, Farmacias Kielsa, Walmart Honduras"
Shampoo Infantil,"Paiz, Walmart Honduras"
Shampoo y acondicionador,PriceSmart Honduras
Shampoo y jabón para bebé,"Paiz, Walmart Honduras"
Shorts para hombres,PriceSmart Honduras
Shorts para mujeres,PriceSmart Honduras
Shorts para niños,PriceSmart Honduras
Side by Side,Jetstereo
Sidras,"Paiz, Walmart Honduras"
Sierras,"Larach y Cia, Larach y Cia, Larach y Cia"
Silicon,ACOSA
Silla Secretarial,Walmart Honduras
"Silla, Sillones y Bancos",Walmart Honduras
Sillas,ACOSA
Sillas altas,PriceSmart Honduras
Sillas de espera,ACOSA
Sillas de jardín,PriceSmart Honduras
Sillas de oficina,PriceSmart Honduras
Sillas de Oficina,Walmart Honduras
Sillas de ruedas,PriceSmart Honduras
Sillas de ruedas y andadores,Meyko
Sillas ejecutiva,ACOSA
Sillas Gamer,PC Builds Honduras
Sillas gaming,ACOSA
Sillas Gaming,Jetstereo
Sillas masajeadoras,PriceSmart Honduras
Sillas para bar y cocina,PriceSmart Honduras
Sillas reclinables,PriceSmart Honduras
Sillas secretarial,ACOSA
Sin Azúcar,"Paiz, Walmart Honduras"
Single Door,Jetstereo
Sintonizadores de TV,Steren
Sistema de grabación,ACOSA
Sistema Digestivo,"Paiz, Walmart Honduras"
Sistema Nervioso,"Farmacias Kielsa, Farmacias Kielsa"
Sistemas de Audio,"Paiz, Walmart Honduras"
Sistemas de seguridad,PriceSmart Honduras
Sistemas de Seguridad Inteligente,Steren
Sistemas de Sonido,Diunsa
Smart Home,"Diunsa, ACOSA"
SMART HOME,Steren
Smart Home Bluetooth,Steren
Smart TV y Controles,"Steren, Steren"
Smart TV y controles remoto,Steren
Smart TV y Controles Remoto,Steren
Smart Watches (Relojes Inteligentes),Steren
Smartphones,Diunsa
Smartwatches,Steren
Snacks,"Larach y Cia, Farmacias Kielsa, ACOSA, PriceSmart Honduras, ACOSA"
Snacks y Fruta Seca,"Paiz, Walmart Honduras"
Snacks y Premios Perro,"Paiz, Walmart Honduras"
Sobres,"Útiles de Honduras, Útiles de Honduras, ACOSA"
Sobres de vistas,Diunsa
Sofás,PriceSmart Honduras
Softwares,ACOSA
Soldadoras,"Larach y Cia, Larach y Cia"
Soluciones Térmicas,PC Builds Honduras
Solventes y Removedores,Larach y Cia
Sombra ojos,"Paiz, Walmart Honduras"
Sombras para patio,PriceSmart Honduras
Sombreros,PriceSmart Honduras
Sombrillas,PriceSmart Honduras
"Sombrillas ,Paraguas y Capas","Paiz, Walmart Honduras"
Sonajeros,"Paiz, Walmart Honduras"
Sopas,PriceSmart Honduras
SOPAS,Comisariato Los Andes
Sopas Cremas y Condimentos,Larach y Cia
Sopas y Cremas,ACOSA
Sopladoras,Larach y Cia
Sopladoras de hojas,PriceSmart Honduras
Sopletes,Larach y Cia
Soporte publicitario,ACOSA
Soportes articulares,Meyko
Soportes BTS,Steren
Soportes de Pared,Jetstereo
Soportes para celular,Steren
Soportes para toallas de papel,PriceSmart Honduras
Soportes para tv,ACOSA
Soportes para TV,Steren
Soportes para TV montaje,PriceSmart Honduras
Soportes para Vidrio,Larach y Cia
Soportes Tvs,Diunsa
Soportes y Bases,Jetstereo
Sostenes,PriceSmart Honduras
Spaghetti,"Paiz, Walmart Honduras"
Spas,PriceSmart Honduras
SPIDERMAN,Diunsa
Spray y gel para el cabello,PriceSmart Honduras
SSDs,PC Builds Honduras
STEREN,Steren
Stickers y calcomanias,Útiles de Honduras
Stickers Y Calcomanias,Útiles de Honduras
Suavizante,"Paiz, Walmart Honduras"
Suavizante Regular,"Paiz, Walmart Honduras"
Suavizantes para telas,PriceSmart Honduras
Suelos y abonos,PriceSmart Honduras
Sueros,Farmacias Kielsa
Suéteres para mujeres,PriceSmart Honduras
Suéteres para niños,PriceSmart Honduras
Sujetadores,Larach y Cia
Suministros de lavandería,PriceSmart Honduras
Suministros de oficina,ACOSA
Suministros para concesión,PriceSmart Honduras
Suministros para restaurantes,PriceSmart Honduras
Super Fin de Ahorro,Diunsa
Supermercado,ACOSA
Suplemento alimenticio,"Paiz, Walmart Honduras"
Suplemento para diabeticos,"Paiz, Walmart Honduras"
Suplementos Deportivos,"Paiz, Walmart Honduras"
Suplementos nutricionales,PriceSmart Honduras
Sustituto de Azúcar,"Paiz, Walmart Honduras"
Sustitutos de lácteos,PriceSmart Honduras
Suturas,Meyko
Switch y hub,"ACOSA, ACOSA"
Switches (Interruptores) y Relevadores,Steren
Switches Inteligentes,Steren
Switches y relevadores,Steren
TABACOS,Comisariato Los Andes
Tabla de natacion,PriceSmart Honduras
Tablero,"Útiles de Honduras, Útiles de Honduras, ACOSA"
Tablets,"PriceSmart Honduras, Jetstereo, Diunsa"
Tablets lte,ACOSA
Tablets wifi,ACOSA
Tablets y accesorios,ACOSA
"Tacos, pizzas y pastas","Paiz, Walmart Honduras"
Taladros,"Larach y Cia, Larach y Cia"
Taladros eléctricos,PriceSmart Honduras
Talco y aceite para bebé,"Paiz, Walmart Honduras"
Tampones,PriceSmart Honduras
Tampones y copas menstruales,"Paiz, Walmart Honduras"
Tanques para Agua,Larach y Cia
Tapagoteras,"Larach y Cia, Larach y Cia"
Tape doble cara,ACOSA
Tape para sellar,ACOSA
Tape transparente,ACOSA
Tapetes,Walmart Honduras
Tarjetas Gráficas,PC Builds Honduras
Tarjetas Indices,Útiles de Honduras
Tarjetas Índices,Útiles de Honduras
Tartas,PriceSmart Honduras
Tarugos,Larach y Cia
Tazas y Jarras,"Paiz, Walmart Honduras"
Té,PriceSmart Honduras
"TE ",Comisariato Los Andes
Te listo para beber,"Paiz, Walmart Honduras"
Té Medicinales,"Paiz, Walmart Honduras"
Teatro en Casa,Jetstereo
Teclados,"PC Builds Honduras, Jetstereo, ACOSA"
Teclados Alambricos,ACOSA
Teclados Alámbricos,Jetstereo
Teclados gaming,ACOSA
Teclados Gaming,Jetstereo
Teclados Inalambricos,ACOSA
Teclados Inalámbricos,Jetstereo
Teclados para computadoras,PriceSmart Honduras
Teclados y Mouse,Walmart Honduras
Tecle y Poleas,Larach y Cia
Tecnologia,"Game Station, Útiles de Honduras, ACOSA"
Tecnología,"Útiles de Honduras, Larach y Cia, Farmacias Kielsa, Diunsa, Lady Lee"
Tela Metálica y Accesorios,Larach y Cia
TELEFONÍA CELULARES Y TABLETS,Steren
Teléfonos,Steren
Teléfonos celulares,PriceSmart Honduras
Telefonos y Accesorios,Larach y Cia
Telescopios,PriceSmart Honduras
Televisores,"Paiz, Walmart Honduras, Jetstereo, PriceSmart Honduras, Diunsa, ACOSA"
Televisores y Entretenimiento,Jetstereo
Temperas Pinturas y Acuarelas,Larach y Cia
Temporada,Lady Lee
TEMPORADAS,Comisariato Los Andes
Temporizadores,Steren
Tenazas y Alicates,"Larach y Cia, Larach y Cia"
Tendederos,PriceSmart Honduras
"Tenis, Squash y Boxeo",Walmart Honduras
Tensiometros,Farmacias Kielsa
Tensores,Larach y Cia
Tequila,"Paiz, PriceSmart Honduras, Walmart Honduras"
Terapia respiratoria,Meyko
Terminales y Acc. Para Cable Electrico,Larach y Cia
Termometros,Farmacias Kielsa
Termómetros,Meyko
Termómetros Digitales,Steren
Termometros para Cocina,Larach y Cia
Termos,Jetstereo
Termos para Alimentos y Bebidas,Larach y Cia
Termos y Botellas,"Paiz, Walmart Honduras"
Termos y estuches,Meyko
Termos y loncheras,ACOSA
Terrajas,Larach y Cia
Terraza,Walmart Honduras
Tetera Eléctrica,Jetstereo
Teteras,PriceSmart Honduras
Textil baño,Diunsa
Textil cocina,Diunsa
Textil de cocina,ACOSA
Textil dormitorio,Diunsa
Textil Hogar,Diunsa
Textos,"Útiles de Honduras, Útiles de Honduras"
Tienda de Conveniencia,Farmacias Kielsa
Tijera Escolar,"Útiles de Honduras, Útiles de Honduras"
Tijera Oficina,"Útiles de Honduras, Útiles de Honduras"
Tijeras,"Larach y Cia, Larach y Cia, Larach y Cia"
Tijeras de diseño,ACOSA
Tijeras escolares,ACOSA
"Tijeras, cintas y pegamentos","Paiz, Walmart Honduras"
Timbres,Larach y Cia
Timbres Inalámbricos,Steren
Tinta y tóner,PriceSmart Honduras
Tintas,Jetstereo
Tintas y Cartuchos,Larach y Cia
Tinte de cabello,"Paiz, Walmart Honduras"
Tintes,Larach y Cia
Tiroides,Farmacias Kielsa
Toallas,"Paiz, Walmart Honduras, PriceSmart Honduras"
Toallas de cocina,"Paiz, Walmart Honduras"
Toallas de papel,PriceSmart Honduras
Toallas íntimas,"Paiz, Walmart Honduras"
Toallas para auto,PriceSmart Honduras
Toallas para secadora,PriceSmart Honduras
Toallas sanitarias,PriceSmart Honduras
TOALLAS SANITARIAS Y PROTECTORES,Comisariato Los Andes
Toallitas Desinfectantes,"Paiz, Walmart Honduras"
Toallitas Húmedas,"Paiz, Walmart Honduras"
Toallitas para bebé,PriceSmart Honduras
Tocino,"Paiz, Walmart Honduras, PriceSmart Honduras"
Todo Print,ACOSA
Todos,"Diunsa, Comisariato Los Andes"
"Toldos,Carpas y Sombrillas",Larach y Cia
Toma Corrientes Inteligentes,Steren
Tomate Especialidad,"Paiz, Walmart Honduras"
Tomate Rojo,"Paiz, Walmart Honduras"
Tomates enlatados,PriceSmart Honduras
TOP 50,Diunsa
Top Mount,Jetstereo
Tops para mujeres,PriceSmart Honduras
Tornillos y Pernos,"Larach y Cia, Larach y Cia"
Tortillas,PriceSmart Honduras
Tortillas de Harina,"Paiz, Walmart Honduras"
Tortillas de Maíz,"Paiz, Walmart Honduras"
Tortillería,"Paiz, Walmart Honduras"
Tostadoras,Jetstereo
Tostadoras y hornos tostadores,PriceSmart Honduras
Tostadoras y wafleras,Diunsa
Touchdown Deals,Diunsa
Training,Diunsa
Training accesorios,Diunsa
Training ropa,Diunsa
Trajes de Baño Mujer,Walmart Honduras
"Trampa, Veneno, y Ahuyentadores","Larach y Cia, Larach y Cia"
Trampolines,"PriceSmart Honduras, Walmart Honduras"
Transformador Electrico,Larach y Cia
Transformadores,"Steren, Steren"
Transistores,Steren
Transmisores FM Bluetooth,"Steren, Steren, Steren, Steren"
Trapeadores,Jetstereo
Trapeadores y Quitapelusas,"Paiz, Walmart Honduras"
Tratamiento,Farmacias Kielsa
Tratamiento capilar,"Paiz, Walmart Honduras"
Tratamientos corporales,"Paiz, Walmart Honduras"
Tratamientos faciales,"Paiz, Walmart Honduras"
Triciclos y Montables,Walmart Honduras
Trifolios o display board,ACOSA
Triturador,Larach y Cia
Tronzadoras,Larach y Cia
Tuberculos,"Paiz, Walmart Honduras"
Tuberia para Electricidad,Larach y Cia
Tubería y Radiadores,PC Builds Honduras
"Tubo EMT, Flexible y Poliducto",Larach y Cia
Tubos Conduit Pvc y Cpvc,Larach y Cia
"Tubos Conduit y Flexible PVC , Acces.",Larach y Cia
Tubos de Cobre,Larach y Cia
Tubos Led,Larach y Cia
Tubos Metalicos,Larach y Cia
Tuercas para LLanta,Larach y Cia
TV Thursday,Diunsa
TV Y VIDEO,Steren
Twin,Jetstereo
Umbrales para puerta y pisos,Larach y Cia
Unidades de estanterías,PriceSmart Honduras
Unifuncional,Jetstereo
Ups,"ACOSA, ACOSA"
UPS,"Jetstereo, PriceSmart Honduras"
UPS y Protector de Corriente,Jetstereo
"Ups, Protectores y Supresores",Larach y Cia
Usados,ACOSA
USB,Jetstereo
Usb a rj45,ACOSA
USB C,Jetstereo
Usb wifi,ACOSA
Uso Personal,"Larach y Cia, Larach y Cia"
Uso Pesonal,Larach y Cia
Utensilios comerciales para cocina,PriceSmart Honduras
Utensilios de cocina,"Paiz, Walmart Honduras, ACOSA, PriceSmart Honduras"
Utensilios de Repostería,"Paiz, Walmart Honduras"
UTENSILIOS DEL HOGAR,Comisariato Los Andes
UTENSILIOS DESECHABLES,Comisariato Los Andes
Utensilios para asar,"Paiz, Walmart Honduras"
Utensilios para Cocina,Larach y Cia
Utensilios para la cocina,PriceSmart Honduras
Útiles escolares,Diunsa
Uvas,"Paiz, Walmart Honduras"
Vainicas enteras,"Paiz, Walmart Honduras"
Vajilla,ACOSA
Vajilla y cubiertos desechables de temporada,PriceSmart Honduras
Vajillas,"Paiz, Walmart Honduras"
"Vajillas, Cubiertos y Recipientes",Larach y Cia
Varilla Cobre,Larach y Cia
Varilla Hierro,Larach y Cia
Varilla Roscada,Larach y Cia
Varios,"Larach y Cia, Larach y Cia, Larach y Cia"
Varistores,Steren
Vasos desechables,ACOSA
Vasos y Copas,"Paiz, Walmart Honduras"
Vasos y platos,"Paiz, Walmart Honduras"
Vegetales,ACOSA
VEGETALES,Comisariato Los Andes
Vegetales enlatados,PriceSmart Honduras
Vegetales Enlatados,"Paiz, Walmart Honduras"
Vegetales Procesados Mix,"Paiz, Walmart Honduras"
Vehículo,ACOSA
Vehículos de colección,"Paiz, Walmart Honduras"
Vehículos de juego,PriceSmart Honduras
"Vehículos, pistas y control remoto","Paiz, Walmart Honduras"
Velas,PriceSmart Honduras
Velas y aromaterapia,"Paiz, Walmart Honduras"
Vendas,Farmacias Kielsa
Ventilador,Diunsa
Ventiladores,"PriceSmart Honduras, Steren, Jetstereo"
Ventiladores de techo,PriceSmart Honduras
Ventiladores y Extractores,"Larach y Cia, Larach y Cia"
Verano,"ACOSA, Diunsa"
Verduras,"Paiz, Walmart Honduras"
VERDURAS,Comisariato Los Andes
Verduras congeladas,PriceSmart Honduras
Verduras Congeladas,"Paiz, Walmart Honduras"
Verduras frescas,PriceSmart Honduras
Verticales,Jetstereo
Vestidos para mujeres,PriceSmart Honduras
Vestuario y textil bebé,Diunsa
Viaja,Steren
Vida Fit,Diunsa
Video porteros e intercomunicadores,"Steren, Steren"
Videojuegos,Walmart Honduras
Videojuegos y consolas,PriceSmart Honduras
VIDEOVIGILANCIA Y SEGURIDAD,Steren
Vidrios Templados,Jetstereo
Vinagre,"Walmart Honduras, Paiz"
"Vineras / Centro de Bebida ",Jetstereo
Vino blanco,PriceSmart Honduras
Vino Blanco,"Walmart Honduras, Paiz"
Vino espumante,PriceSmart Honduras
Vino rosado,PriceSmart Honduras
Vino Rosado,"Paiz, Walmart Honduras"
Vino tinto,PriceSmart Honduras
Vino Tinto,"Paiz, Walmart Honduras"
Vinos,"Paiz, Walmart Honduras"
VINOS,Comisariato Los Andes
Vinos y Licores,ACOSA
Vísceras y Menudos,"Paiz, Walmart Honduras"
Vitamina A y D,"Paiz, Walmart Honduras"
Vitamina C,"Paiz, Walmart Honduras"
Vitamina E,"Paiz, Walmart Honduras"
Vitaminas,"Farmacias Kielsa, PriceSmart Honduras"
Vitaminas y Minerales,Farmacias Kielsa
Vitaminas y Suplementos,"Paiz, Walmart Honduras"
Vodka,"Paiz, PriceSmart Honduras, Walmart Honduras"
Volleyball,Diunsa
Waffleras,Jetstereo
Waflera,PriceSmart Honduras
Watercooling,PC Builds Honduras
Whirlpool,Diunsa
Whisky,"Paiz, Walmart Honduras, PriceSmart Honduras"
Xbox,Game Station
Xiaomi,Diunsa
XIAOMI,Walmart Honduras
Yoga,Diunsa
Yogurt,"Paiz, PriceSmart Honduras, Walmart Honduras"
YOGURT,Comisariato Los Andes
Yogurt Batido,"Paiz, Walmart Honduras"
Yogurt Bebible,"Paiz, Walmart Honduras"
Yogurt Natural,"Paiz, Walmart Honduras"
Zanahoria,"Paiz, Walmart Honduras"
Zapateras,"Paiz, Walmart Honduras"
Zapatería,Walmart Honduras
Zapatos Para Hombre,Walmart Honduras
Zapatos para hombres,PriceSmart Honduras
Zapatos Para Mujer,Walmart Honduras
Zapatos para mujeres,PriceSmart Honduras
Zapatos para niños,PriceSmart Honduras
"Zapatos, guantes y gorros para niños",Walmart Honduras
Zocalo,Larach y Cia